title,release_date,year,tmdb_id,overview,original_language,genre_ids,poster_path,poster_url,backdrop_path,backdrop_url,rating,no_of_persons_voted,popularity,adult,release_month,movie_rating,movie_vote_count,year_film,film_key,metacritic_score,cannes_flag,venice_flag,tiff_flag,telluride_flag,sundance_flag,sxsw_flag,manual_contender_flag,notes,wikipedia_title,tomatometer_rating,audience_rating,rt_release_month,rt_url,movie_vote_count_log,is_drama,is_history,is_music,is_war,festival_presence_score,nominee_probability,winner_model_probability,prestige_score,crowd_score,best_picture_probability_raw,best_picture_probability,forecast_season
Project Hail Mary,2026-03-15,2026,687163,"Science teacher Ryland Grace wakes up on a spaceship light years from home with no recollection of who he is or how he got there. As his memory returns, he begins to uncover his mission: solve the riddle of the mysterious substance causing the sun to die out. He must call on his scientific knowledge and unorthodox ideas to save everything on Earth from extinction… but an unexpected friendship means he may not have to do it alone.",en,"878,12",/yihdXomYb5kTeSivtFndMy5iDmf.jpg,https://image.tmdb.org/t/p/w500/yihdXomYb5kTeSivtFndMy5iDmf.jpg,/8Tfys3mDZVp4tNoH2ktm06a0Tau.jpg,https://image.tmdb.org/t/p/w500/8Tfys3mDZVp4tNoH2ktm06a0Tau.jpg,8.216,1572,262.4292,False,3.0,8.216,1572,2026,project hail mary,77.0,0.0,0.0,0.0,0.0,0.0,0.0,1,Auto-refreshed from Wikipedia page Project_Hail_Mary_(film),Project_Hail_Mary_(film),94.0,96.0,3.0,https://www.rottentomatoes.com/m/project_hail_mary,7.360739903058278,0,0,0,0,0.0,0.9990194736688102,0.21293936144546743,0.515,0.8471606145766353,0.5997108604082457,0.03407210455394239,early
The Rip,2026-01-13,2026,1306368,"Trust frays when a team of Miami cops discovers millions in cash inside a run-down stash house, calling everyone — and everything — into question.",en,"28,53,80",/eZo31Dhl5BQ6GfbMNf3oU0tUvPZ.jpg,https://image.tmdb.org/t/p/w500/eZo31Dhl5BQ6GfbMNf3oU0tUvPZ.jpg,/3F2EXWF1thX0BdrVaKvnm6mAhqh.jpg,https://image.tmdb.org/t/p/w500/3F2EXWF1thX0BdrVaKvnm6mAhqh.jpg,7.056,1513,29.0587,False,1.0,7.056,1513,2026,the rip,63.0,0.0,0.0,0.0,0.0,0.0,0.0,1,Auto-refreshed from Wikipedia page The_Rip_(film),The_Rip_(film),79.0,65.0,1.0,https://www.rottentomatoes.com/m/the_rip,7.322510433997394,0,0,0,0,0.0,0.9988174622736432,0.02100900709649134,0.48000000000000004,0.7980675744674266,0.5467216009659451,0.031061561128524005,early
People We Meet on Vacation,2026-01-06,2026,1034716,"Poppy's a free spirit. Alex loves a plan. After years of summer vacations, these polar-opposite pals wonder if they could be a perfect romantic match.",en,"35,10749,18",/peG6482ALJQ9Tbvv2P38BquVk0f.jpg,https://image.tmdb.org/t/p/w500/peG6482ALJQ9Tbvv2P38BquVk0f.jpg,/qth56RA3rkUlhbDRDKGeMJEssdi.jpg,https://image.tmdb.org/t/p/w500/qth56RA3rkUlhbDRDKGeMJEssdi.jpg,6.983,557,11.8609,False,1.0,6.983,557,2026,people we meet on vacation,50.0,0.0,0.0,0.0,0.0,0.0,0.0,1,Auto-refreshed from Wikipedia page People_We_Meet_on_Vacation_(film),People_We_Meet_on_Vacation_(film),76.0,70.0,1.0,https://www.rottentomatoes.com/m/people_we_meet_on_vacation,6.324358962381311,1,0,0,0,0.0,0.99863390261277,0.005265125049819015,0.4875,0.7248337036719235,0.5411249196472192,0.0307435900467315,early
The Bride!,2026-03-04,2026,1159831,A lonely Frankenstein travels to 1930s Chicago to ask groundbreaking scientist Dr. Euphronious to create a companion for him. The two revive a murdered young woman and The Bride is born. But what ensues is beyond what either of them imagined.,en,"878,27,14",/lV8YHwGkYZsm6EfIqnhaSz2avKt.jpg,https://image.tmdb.org/t/p/w500/lV8YHwGkYZsm6EfIqnhaSz2avKt.jpg,/l8rKKMU2M9dDULO9CEtDNdWAEUJ.jpg,https://image.tmdb.org/t/p/w500/l8rKKMU2M9dDULO9CEtDNdWAEUJ.jpg,6.2,335,91.0492,False,3.0,6.2,335,2026,the bride!,55.0,0.0,0.0,0.0,0.0,0.0,0.0,1,Auto-refreshed from Wikipedia page The_Bride!,The_Bride!,57.0,70.0,3.0,https://www.rottentomatoes.com/m/the_bride_2026,5.817111159963204,0,0,0,0,0.0,0.8489849114557358,0.01026220632293911,0.46,0.6577810944890878,0.49011442268849686,0.027845468467704228,early
The Singers,2026-02-17,2026,1442908,An impromptu singing contest at a dive bar turns a lonely night into a soul-baring moment of shared harmony.,en,"10402,18,35",/a6wheh1243vceZ7Dqb0knYmKqaj.jpg,https://image.tmdb.org/t/p/w500/a6wheh1243vceZ7Dqb0knYmKqaj.jpg,/oTWgvLnMjjsVNdVTZjf5CEnihhw.jpg,https://image.tmdb.org/t/p/w500/oTWgvLnMjjsVNdVTZjf5CEnihhw.jpg,6.702,62,2.4874,False,2.0,6.702,62,2026,the singers,0.0,0.0,0.0,0.0,0.0,0.0,0.0,0,,,90.0,,2.0,https://www.rottentomatoes.com/m/the_singers,4.143134726391533,1,0,1,0,0.0,0.561923532669798,0.9704211093859967,0.07583333333333334,0.5599393501326885,0.3556501412884613,0.020205985248217498,early
Good Boy,2026-03-06,2026,1381027,"Tommy, a volatile 19-year-old, revels in drugs, parties and violence. After getting separated from his friends on a drunken bender, he is abducted by a shadowy figure. He wakes to find himself imprisoned in the basement of a remote Yorkshire house, inhabited by a very strange family. But what unfolds is not what he could possibly expect.",en,"53,18,9648",/x0wD4Qxe0wulV0bxarsQ05PqDNF.jpg,https://image.tmdb.org/t/p/w500/x0wD4Qxe0wulV0bxarsQ05PqDNF.jpg,/ksqaGSybKVyzkRmLFBgefMSa45a.jpg,https://image.tmdb.org/t/p/w500/ksqaGSybKVyzkRmLFBgefMSa45a.jpg,7.291,74,14.5531,False,3.0,7.291,74,2026,good boy,0.0,0.0,0.0,0.0,0.0,0.0,0.0,0,,,87.0,76.0,3.0,https://www.rottentomatoes.com/m/heel,4.31748811353631,1,0,0,0,0.0,0.5709301275491874,0.8438103179809736,0.0625,0.5957815156006282,0.33471072476704633,0.01901632863847972,early
The Wrecking Crew,2026-01-28,2026,1168190,"Estranged half-brothers Jonny and James reunite after their father's mysterious death. As they search for the truth, buried secrets reveal a conspiracy threatening to tear their family apart.",en,"28,35,80,9648",/gbVwHl4YPSq6BcC92TQpe7qUTh6.jpg,https://image.tmdb.org/t/p/w500/gbVwHl4YPSq6BcC92TQpe7qUTh6.jpg,/cz4vLJrmaV1zJlRYbxqtvLzeLWB.jpg,https://image.tmdb.org/t/p/w500/cz4vLJrmaV1zJlRYbxqtvLzeLWB.jpg,6.9,900,58.7492,False,1.0,6.9,900,2026,the wrecking crew,0.0,0.0,0.0,0.0,0.0,0.0,0.0,1,Auto-refreshed from Wikipedia page The_Wrecking_Crew_(film),The_Wrecking_Crew_(film),75.0,67.0,1.0,https://www.rottentomatoes.com/m/the_wrecking_crew_2026,6.803505257608338,0,0,0,0,0.0,0.07373319676027784,0.3549901047148394,0.3225,0.7552667277897855,0.32089682783826007,0.01823150286404804,early
We Bury the Dead,2026-01-01,2026,1198984,"After a catastrophic military disaster, the dead don't just rise - they hunt. Ava searches for her missing husband, but what she finds is far more terrifying.",en,"27,53",/xZqo0yPARmyF8TACVNyaOACkYWG.jpg,https://image.tmdb.org/t/p/w500/xZqo0yPARmyF8TACVNyaOACkYWG.jpg,/vbkW4KerpshPZnP84w9qwSfYrhu.jpg,https://image.tmdb.org/t/p/w500/vbkW4KerpshPZnP84w9qwSfYrhu.jpg,6.006,169,17.6706,False,1.0,6.006,169,2026,we bury the dead,0.0,0.0,0.0,0.0,0.0,0.0,0.0,0,,,88.0,45.0,1.0,https://www.rottentomatoes.com/m/we_bury_the_dead,5.135798437050262,0,0,0,0,0.0,0.4767685354564991,0.9520704530090343,0.0225,0.6020266406085861,0.3107419391035136,0.017654560784879425,early
28 Years Later: The Bone Temple,2026-01-14,2026,1272837,Dr. Kelson finds himself in a shocking new relationship - with consequences that could change the world as they know it - and Spike's encounter with Jimmy Crystal becomes a nightmare he can't escape.,en,"27,53,878",/kK1BGkG3KAvWB0WMV1DfOx9yTMZ.jpg,https://image.tmdb.org/t/p/w500/kK1BGkG3KAvWB0WMV1DfOx9yTMZ.jpg,/hHDNOlATHhre4eZ7aYz5cdyJLik.jpg,https://image.tmdb.org/t/p/w500/hHDNOlATHhre4eZ7aYz5cdyJLik.jpg,7.153,1032,55.3213,False,1.0,7.153,1032,2026,28 years later: the bone temple,0.0,0.0,0.0,0.0,0.0,0.0,0.0,0,,,92.0,88.0,1.0,https://www.rottentomatoes.com/m/28_years_later_the_bone_temple,6.940222469119639,0,0,0,0,0.0,0.8836094294489071,0.26607986099748404,0.0225,0.7750176471633379,0.30651062975573784,0.017414162246158035,early
Send Help,2026-01-22,2026,1198994,"Two colleagues become stranded on a deserted island, the only survivors of a plane crash. On the island, they must overcome past grievances and work together to survive, but ultimately, it's a battle of wills and wits to make it out alive.",en,"27,53,35",/mjkS2iAgWj3ik1DTjvI15nHZ7yl.jpg,https://image.tmdb.org/t/p/w500/mjkS2iAgWj3ik1DTjvI15nHZ7yl.jpg,/gCmfeKmEAZBP5gcXpiqb0gii9rS.jpg,https://image.tmdb.org/t/p/w500/gCmfeKmEAZBP5gcXpiqb0gii9rS.jpg,7.037,1036,177.9039,False,1.0,7.037,1036,2026,send help,0.0,0.0,0.0,0.0,0.0,0.0,0.0,0,,,93.0,87.0,1.0,https://www.rottentomatoes.com/m/send_help,6.9440872082295275,0,0,0,0,0.0,0.8555867363502638,0.20367404640854128,0.0225,0.77064989518797,0.291108443750131,0.01653909906723701,early
Peaky Blinders: The Immortal Man,2026-03-05,2026,875828,"After his estranged son gets embroiled in a Nazi plot, self-exiled gangster Tommy Shelby must return to Birmingham to save his family — and his nation.",en,"80,18",/gRMalasZEzsZi4w2VFuYusfSfqf.jpg,https://image.tmdb.org/t/p/w500/gRMalasZEzsZi4w2VFuYusfSfqf.jpg,/aouxo2EaR7QSGBBUNTITuW0lj4z.jpg,https://image.tmdb.org/t/p/w500/aouxo2EaR7QSGBBUNTITuW0lj4z.jpg,7.229,807,52.1897,False,3.0,7.229,807,2026,peaky blinders: the immortal man,0.0,0.0,0.0,0.0,0.0,0.0,0.0,0,,,90.0,89.0,3.0,https://www.rottentomatoes.com/m/peaky_blinders_the_immortal_man,6.694562058521095,1,0,0,0,0.0,0.7918204248488508,0.1381084208287678,0.0625,0.7607523234107922,0.28953058043516455,0.01644945399427173,early
Hoppers,2026-03-04,2026,1327819,"Scientists have discovered how to 'hop' human consciousness into lifelike robotic animals, allowing people to communicate with animals as animals. Animal lover Mabel seizes an opportunity to use the technology, uncovering mysteries within the animal world beyond anything she could have imagined.",en,"16,10751,878,35,12",/xjtWQ2CL1mpmMNwuU5HeS4Iuwuu.jpg,https://image.tmdb.org/t/p/w500/xjtWQ2CL1mpmMNwuU5HeS4Iuwuu.jpg,/u53UYu5XG2hNgWGvs3xGhAVzypl.jpg,https://image.tmdb.org/t/p/w500/u53UYu5XG2hNgWGvs3xGhAVzypl.jpg,7.587,485,226.1527,False,3.0,7.587,485,2026,hoppers,0.0,0.0,0.0,0.0,0.0,0.0,0.0,0,,,94.0,94.0,3.0,https://www.rottentomatoes.com/m/hoppers,6.186208623900494,0,0,0,0,0.0,0.29693332726306093,0.8764591319846122,0.0225,0.7392618289750224,0.27715671814780624,0.015746442664271876,early
Dead Man's Wire,2026-01-09,2026,1263012,"In 1977, former real estate developer Tony Kiritsis puts a dead man's switch on himself and the mortgage banker who did him wrong, demanding $5 million and a personal apology.",en,"80,18,53",/dgSoeebklY0IGKWbp36r9FwRXlv.jpg,https://image.tmdb.org/t/p/w500/dgSoeebklY0IGKWbp36r9FwRXlv.jpg,/ulw8SrKbDeDrsSVNKPb5211AseI.jpg,https://image.tmdb.org/t/p/w500/ulw8SrKbDeDrsSVNKPb5211AseI.jpg,6.4,103,9.2065,False,1.0,6.4,103,2026,dead man's wire,0.0,0.0,0.0,0.0,0.0,0.0,0.0,0,,,92.0,77.0,1.0,https://www.rottentomatoes.com/m/dead_mans_wire,4.6443908991413725,1,0,0,0,0.0,0.7591172211867047,0.16146719749357616,0.0625,0.5831698844237574,0.26873551230375314,0.015267998425670752,early
"""Wuthering Heights""",2026-02-11,2026,1316092,"Tragedy strikes when Heathcliff falls in love with Catherine Earnshaw, a woman from a wealthy family in 18th-century England.",en,"10749,18",/3YBce6dTh1D5oCMITXk2S5QhPt.jpg,https://image.tmdb.org/t/p/w500/3YBce6dTh1D5oCMITXk2S5QhPt.jpg,/vSQSYd2zZTqc0zmHImwWEGGluMI.jpg,https://image.tmdb.org/t/p/w500/vSQSYd2zZTqc0zmHImwWEGGluMI.jpg,6.5,788,71.4116,False,2.0,6.5,788,2026,"""wuthering heights""",0.0,0.0,0.0,0.0,0.0,0.0,0.0,0,,,58.0,76.0,2.0,https://www.rottentomatoes.com/m/wuthering_heights_2026,6.670766320845874,1,0,0,0,0.0,0.20718449982866277,0.7570303472150824,0.0625,0.7299160543554852,0.26235805748354346,0.014905668306662555,early
Crime 101,2026-02-11,2026,1171145,"When an elusive thief whose high-stakes heists unfold along the iconic 101 freeway in Los Angeles eyes the score of a lifetime, with hopes of this being his final job, his path collides with a disillusioned insurance broker who is facing her own crossroads. Determined to crack the case, a relentless detective closes in on the operation, raising the stakes even higher.",en,"80,53",/tVvpFIoteRHNnoZMhdnwIVwJpCA.jpg,https://image.tmdb.org/t/p/w500/tVvpFIoteRHNnoZMhdnwIVwJpCA.jpg,/vG42HeYtoTFflqwP42wYD7tBuNr.jpg,https://image.tmdb.org/t/p/w500/vG42HeYtoTFflqwP42wYD7tBuNr.jpg,6.979,731,166.6444,False,2.0,6.979,731,2026,crime 101,0.0,0.0,0.0,0.0,0.0,0.0,0.0,0,,,89.0,85.0,2.0,https://www.rottentomatoes.com/m/crime_101_2026,6.595780513961311,0,0,0,0,0.0,0.760950804854688,0.07666359587081847,0.0225,0.7437937475245981,0.2504440751040202,0.0142287846947623,early
undertone,2026-03-12,2026,1480387,The host of a popular paranormal podcast becomes haunted by terrifying recordings mysteriously sent her way.,en,"27,9648",/2PFgFMnrdCPXWiZl1PUvky7Mo9D.jpg,https://image.tmdb.org/t/p/w500/2PFgFMnrdCPXWiZl1PUvky7Mo9D.jpg,/qXxFWyur7jFkg2aQgENcXuyYeHF.jpg,https://image.tmdb.org/t/p/w500/qXxFWyur7jFkg2aQgENcXuyYeHF.jpg,6.687,75,131.9687,False,3.0,6.687,75,2026,undertone,0.0,0.0,0.0,0.0,0.0,1.0,0.0,0,,,73.0,50.0,3.0,https://www.rottentomatoes.com/m/undertone,4.330733340286331,0,0,0,0,1.0,0.09974290600706234,0.6849630871435191,0.1225,0.5725545635285647,0.2473235006257968,0.014051491690900383,early
Honey Bunch,2026-01-23,2026,1339173,"Diana's husband is taking her to an experimental trauma facility deep in the wilderness, but she can't remember why... As her memories begin to creep back in so do some unwelcome sinister truths about her marriage.",en,"14,27,878,53",/rR6zS2sPpcjND92cCLmsuMNok7M.jpg,https://image.tmdb.org/t/p/w500/rR6zS2sPpcjND92cCLmsuMNok7M.jpg,/9L5Ekpoy4zT6o00qKUmZTeTkaVf.jpg,https://image.tmdb.org/t/p/w500/9L5Ekpoy4zT6o00qKUmZTeTkaVf.jpg,6.2,25,1.1606,False,1.0,6.2,25,2026,honey bunch,0.0,0.0,0.0,0.0,0.0,0.0,0.0,0,,,93.0,,1.0,https://www.rottentomatoes.com/m/honey_bunch,3.258096538021482,0,0,0,0,0.0,0.21772469642529269,0.9183962678366053,0.0225,0.4775136414945174,0.24143074361000108,0.013716699299419441,early
Bodycam,2026-03-12,2026,1510745,"A call to a quiet suburban home unleashes unthinkable carnage when two officers mistakenly shoot a man and his infant child, spiraling the tragedy into a fierce, unrelenting fall into the unknown.",en,27,/xFpBNcG3Dlr8mYF5Kz9Tizs3Pxn.jpg,https://image.tmdb.org/t/p/w500/xFpBNcG3Dlr8mYF5Kz9Tizs3Pxn.jpg,/qmWypRw88VYp35oTQn0a1sqdZRs.jpg,https://image.tmdb.org/t/p/w500/qmWypRw88VYp35oTQn0a1sqdZRs.jpg,4.8,28,3.1067,False,3.0,4.8,28,2026,bodycam,0.0,0.0,0.0,0.0,0.0,0.0,0.0,0,,,88.0,39.0,3.0,https://www.rottentomatoes.com/m/bodycam,3.367295829986474,0,0,0,0,0.0,0.20824775422937522,0.9596005606309828,0.0225,0.4292060861029046,0.2408852435508129,0.0136857071392338,early
The Drama,2026-03-26,2026,1325734,A happily engaged couple is put to the test when an unexpected turn sends their wedding week off the rails.,en,"10749,35,18",/ikcNOWB6Qo1ER1H1BJL6Vf0W22s.jpg,https://image.tmdb.org/t/p/w500/ikcNOWB6Qo1ER1H1BJL6Vf0W22s.jpg,/1oKLEA9JOhvaBwLpqjROisvWMy7.jpg,https://image.tmdb.org/t/p/w500/1oKLEA9JOhvaBwLpqjROisvWMy7.jpg,7.041,467,48.2934,False,3.0,7.041,467,2026,the drama,0.0,0.0,0.0,0.0,0.0,0.0,0.0,0,,,76.0,80.0,3.0,https://www.rottentomatoes.com/m/the_drama,6.148468295917647,1,0,0,0,0.0,0.2965092819527211,0.45865296201683553,0.0625,0.7147632459632984,0.23395112528939938,0.013291750621202008,early
"Good Luck, Have Fun, Don't Die",2026-02-13,2026,1119449,A 'Man from the Future' arrives at an LA diner where he must recruit the precise combination of disgruntled patrons to join him on a one-night quest to save the world from the terminal threat of a rogue artificial intelligence.,en,"878,28,35",/rWcfOdY7TU6lTdazWj0ebDZnAfO.jpg,https://image.tmdb.org/t/p/w500/rWcfOdY7TU6lTdazWj0ebDZnAfO.jpg,/drRxbu2OHG0DEENptZ8wI5f0uEU.jpg,https://image.tmdb.org/t/p/w500/drRxbu2OHG0DEENptZ8wI5f0uEU.jpg,6.934,357,34.5372,False,2.0,6.934,357,2026,"good luck, have fun, don't die",0.0,0.0,0.0,0.0,0.0,0.0,0.0,0,,,83.0,85.0,2.0,https://www.rottentomatoes.com/m/good_luck_have_fun_dont_die,5.8805329864007,0,0,0,0,0.0,0.03288275105122981,0.934967237134509,0.0225,0.6916087872557186,0.22835751450599417,0.012973953989477675,early
Mike & Nick & Nick & Alice,2026-03-14,2026,1115544,"Two gangsters and the woman they love try to survive the most dangerous night of their lives. As if that wasn’t enough, there’s one wild ingredient added to the mix: a time machine.",en,"35,878,80",/7F0jc75HrSkLVcvOXR2FXAIwuEv.jpg,https://image.tmdb.org/t/p/w500/7F0jc75HrSkLVcvOXR2FXAIwuEv.jpg,/uNToXatdunyvWXyXMrTI1nLvh6r.jpg,https://image.tmdb.org/t/p/w500/uNToXatdunyvWXyXMrTI1nLvh6r.jpg,6.755,253,76.4344,False,3.0,6.755,253,2026,mike & nick & nick & alice,0.0,0.0,0.0,0.0,0.0,0.0,0.0,0,,,78.0,62.0,3.0,https://www.rottentomatoes.com/m/mike_and_nick_and_nick_and_alice,5.537334267018537,0,0,0,0,0.0,0.08619653040824522,0.8826688404032638,0.0225,0.6602724662282611,0.2280418787649647,0.012956021391155217,early
The Bluff,2026-02-17,2026,799882,"When her tranquil life on a remote island is shattered by the return of her vengeful former captain, a skilled ex-pirate must confront her bloody past and unleash her deadly talents to save her family from a ruthless siege.",en,"18,28,53",/dl1cA7wdwePc9QU2Rc24EPqlcyJ.jpg,https://image.tmdb.org/t/p/w500/dl1cA7wdwePc9QU2Rc24EPqlcyJ.jpg,/rbFqLPKj6D2JyRh5mOfA7jqX0Qk.jpg,https://image.tmdb.org/t/p/w500/rbFqLPKj6D2JyRh5mOfA7jqX0Qk.jpg,6.335,82,10.0647,False,2.0,6.335,82,2026,the bluff,0.0,0.0,0.0,0.0,0.0,0.0,0.0,0,,,54.0,61.0,2.0,https://www.rottentomatoes.com/m/the_bluff_2026,4.418840607796598,1,0,0,0,0.0,0.026009403411098864,0.866676067725126,0.0625,0.5646811996955496,0.22604641081054366,0.01284265043647417,early
GOAT,2026-02-11,2026,1297842,"A small goat with big dreams gets a once-in-a-lifetime shot to join the pros and play roarball, a high-intensity, co-ed, full-contact sport dominated by the fastest, fiercest animals in the world.",en,"16,35,10751",/wfuqMlaExcoYiUEvKfVpUTt1v4u.jpg,https://image.tmdb.org/t/p/w500/wfuqMlaExcoYiUEvKfVpUTt1v4u.jpg,/tq3h43fZy0H80vzf47MAY7R9Mxo.jpg,https://image.tmdb.org/t/p/w500/tq3h43fZy0H80vzf47MAY7R9Mxo.jpg,7.913,413,149.8169,False,2.0,7.913,413,2026,goat,0.0,0.0,0.0,0.0,0.0,0.0,0.0,0,,,85.0,93.0,2.0,https://www.rottentomatoes.com/m/goat_2026,6.025865973825314,0,0,0,0,0.0,0.02595919533886004,0.8801713365673172,0.0225,0.7410066371118669,0.22369320326405628,0.012708954786029448,early
Pizza Movie,2026-03-13,2026,1493859,"A group of college students go downstairs to their dorm lobby to get a delivery pizza. There's only one issue: They're insanely high on a homemade drug, turning their simple journey down two sets of stairs into a mind-bendingly transformative quest.",en,35,/v2qH9CiGWup1Ddzai76ofgtSTAh.jpg,https://image.tmdb.org/t/p/w500/v2qH9CiGWup1Ddzai76ofgtSTAh.jpg,/dhoMQXDaYTtiQY3sECNCPkY3rad.jpg,https://image.tmdb.org/t/p/w500/dhoMQXDaYTtiQY3sECNCPkY3rad.jpg,6.439,74,29.0224,False,3.0,6.439,74,2026,pizza movie,0.0,0.0,0.0,0.0,0.0,0.0,0.0,0,,,78.0,66.0,3.0,https://www.rottentomatoes.com/m/pizza_movie,4.31748811353631,0,0,0,0,0.0,0.16965863857606078,0.8051897331616222,0.0225,0.5617015156006282,0.22325533924951832,0.012684077883727577,early
Primate,2026-01-01,2026,1315303,"Lucy, a college student, along with her friends, spend their vacation at her family's home in Hawaii, which includes her pet chimpanzee, Ben. However, when Ben contracts rabies after being bitten by a rabid animal, the group must fight for their lives in order to avoid the now-violent chimp.",en,"27,53",/z97hrgI5wbGbZvSVkBfAeBnFKAg.jpg,https://image.tmdb.org/t/p/w500/z97hrgI5wbGbZvSVkBfAeBnFKAg.jpg,/9uakM2woks0JV8HKIc4oatIVS88.jpg,https://image.tmdb.org/t/p/w500/9uakM2woks0JV8HKIc4oatIVS88.jpg,6.465,568,27.986,False,1.0,6.465,568,2026,primate,0.0,0.0,0.0,0.0,0.0,0.0,0.0,0,,,78.0,71.0,1.0,https://www.rottentomatoes.com/m/primate_2025,6.343880434126331,0,0,0,0,0.0,0.19299065315424727,0.6511200191880623,0.0225,0.7054888759589462,0.21919002110495342,0.012453110005686545,early
Untitled Home Invasion Romance,2026-01-27,2026,1340076,"As a last-ditch attempt to save his failing marriage, an actor stages a home invasion during a romantic getaway weekend.",en,"35,28,53,10749,27",/aBMnVU5yrsP5XMBZhG8aT2w6m9u.jpg,https://image.tmdb.org/t/p/w500/aBMnVU5yrsP5XMBZhG8aT2w6m9u.jpg,/6OiMFTddtGe8dRr98gYWMgQjcSZ.jpg,https://image.tmdb.org/t/p/w500/6OiMFTddtGe8dRr98gYWMgQjcSZ.jpg,5.9,27,2.7583,False,1.0,5.9,27,2026,untitled home invasion romance,0.0,0.0,0.0,0.0,0.0,0.0,0.0,0,,,77.0,,1.0,https://www.rottentomatoes.com/m/untitled_home_invasion_romance,3.332204510175204,0,0,0,0,0.0,0.3183433831618497,0.5908398649998055,0.0225,0.47073411005776755,0.2117430673881175,0.01203001714144247,early
War Machine,2026-02-12,2026,1265609,"On one last grueling mission during Army Ranger training, a combat engineer must lead his unit in a fight against a giant otherworldly killing machine.",en,"28,878,53",/tlPgDzwIE7VYYIIAGCTUOnN4wI1.jpg,https://image.tmdb.org/t/p/w500/tlPgDzwIE7VYYIIAGCTUOnN4wI1.jpg,/6yeVcxFR0j08vlv2OlL6zbewm4D.jpg,https://image.tmdb.org/t/p/w500/6yeVcxFR0j08vlv2OlL6zbewm4D.jpg,7.244,1470,102.4607,False,2.0,7.244,1470,2026,war machine,0.0,0.0,0.0,0.0,0.0,0.0,0.0,0,,,69.0,65.0,2.0,https://www.rottentomatoes.com/m/war_machine,7.293697720601438,0,0,0,0,0.0,0.030154674307499636,0.74800083895618,0.0225,0.8035578891294779,0.21096184961787473,0.01198563286344392,early
They Will Kill You,2026-03-25,2026,1292695,"A woman answers a help wanted ad to be a housekeeper in a mysterious New York City high-rise, unaware that she is entering a community that has seen a number of disappearances over the years and may be under the grip of a Satanic cult.",en,"28,27,35",/nSXCFSvI2p5WLgMrOHACbVnEJSR.jpg,https://image.tmdb.org/t/p/w500/nSXCFSvI2p5WLgMrOHACbVnEJSR.jpg,/q05WV8DwEiyLbCgSVtg55RbUzou.jpg,https://image.tmdb.org/t/p/w500/q05WV8DwEiyLbCgSVtg55RbUzou.jpg,6.6,135,24.4578,False,3.0,6.6,135,2026,they will kill you,0.0,0.0,0.0,0.0,0.0,0.0,0.0,0,,,63.0,77.0,3.0,https://www.rottentomatoes.com/m/they_will_kill_you,4.912654885736052,0,0,0,0,0.0,0.07045556456677989,0.8024940242776387,0.0225,0.6100674964885523,0.207846966203857,0.011808663192953867,early
Louis Theroux: Inside the Manosphere,2026-03-10,2026,1633264,"With rare access and no holds barred, the acclaimed documentarian investigates a growing ultra-masculine network and its controversial influencers.",en,99,/ouOvRvsgF37yEx3D6ZLWyuxZFjE.jpg,https://image.tmdb.org/t/p/w500/ouOvRvsgF37yEx3D6ZLWyuxZFjE.jpg,/cmpiLnDIdxQNFZLZZFRj1rSo7fW.jpg,https://image.tmdb.org/t/p/w500/cmpiLnDIdxQNFZLZZFRj1rSo7fW.jpg,6.6,90,6.8537,False,3.0,6.6,90,2026,louis theroux: inside the manosphere,0.0,0.0,0.0,0.0,0.0,0.0,0.0,0,,,78.0,71.0,3.0,https://www.rottentomatoes.com/m/louis_theroux_inside_the_manosphere,4.51085950651685,0,0,0,0,0.0,0.0886236364338416,0.7872218055830462,0.0225,0.5817633871584249,0.20635933684006774,0.011724144691511292,early
Pretty Lethal,2026-03-13,2026,1084187,A troupe of ballerinas find themselves fighting for survival as they attempt to escape from a remote inn after their bus breaks down on the way to a dance competition.,en,"10402,53,28,27",/znTPnXCK3lEQJgqXCvP7e5FUz6f.jpg,https://image.tmdb.org/t/p/w500/znTPnXCK3lEQJgqXCvP7e5FUz6f.jpg,/z3bzhmC0CPikWeerUkLO73YvGrC.jpg,https://image.tmdb.org/t/p/w500/z3bzhmC0CPikWeerUkLO73YvGrC.jpg,6.833,287,90.6823,False,3.0,6.833,287,2026,pretty lethal,0.0,0.0,0.0,0.0,0.0,0.0,0.0,0,,,56.0,64.0,3.0,https://www.rottentomatoes.com/m/pretty_lethal,5.662960480135946,0,0,1,0,0.0,0.014962847799328152,0.7700283212823155,0.035833333333333335,0.6722420903272609,0.20542936011827234,0.01167130878976328,early
EPiC: Elvis Presley in Concert,2026-02-18,2026,1445363,"Long-lost footage from Elvis Presley's legendary Las Vegas residency in the 1970s woven together with rare 16mm footage from Elvis on Tour, and 8mm from the Graceland archive, plus recordings of Elvis telling ""his side of the story"" rediscovered during Baz Luhrmann's research for his 2022 film, Elvis.",en,"10402,99",/2K2NH5dforjT9kLcUC0eeBpdZkC.jpg,https://image.tmdb.org/t/p/w500/2K2NH5dforjT9kLcUC0eeBpdZkC.jpg,/ttOBvac1oW0OCCfFzZlXh3NeKyl.jpg,https://image.tmdb.org/t/p/w500/ttOBvac1oW0OCCfFzZlXh3NeKyl.jpg,7.9,43,7.9918,False,2.0,7.9,43,2026,epic: elvis presley in concert,0.0,0.0,0.0,0.0,0.0,0.0,0.0,0,,,97.0,98.0,2.0,https://www.rottentomatoes.com/m/epic_elvis_presley_in_concert,3.784189633918261,0,0,1,0,0.0,0.12493791961545195,0.6804522722809833,0.035833333333333335,0.5825737902026089,0.2050211371188321,0.01164811591860403,early
In the Blink of an Eye,2026-01-26,2026,1032892,"Three storylines, spanning thousands of years, intersect and reflect on hope, connection, and the circle of life.",en,"878,18",/4vWqIdoBavo1htxmxlScDniOS9C.jpg,https://image.tmdb.org/t/p/w500/4vWqIdoBavo1htxmxlScDniOS9C.jpg,/uM5i623wwNfoGD97iwwQWQ7GlZL.jpg,https://image.tmdb.org/t/p/w500/uM5i623wwNfoGD97iwwQWQ7GlZL.jpg,5.401,101,9.6812,False,1.0,5.401,101,2026,in the blink of an eye,0.0,0.0,0.0,0.0,0.0,1.0,0.0,0,,,16.0,70.0,1.0,https://www.rottentomatoes.com/m/in_the_blink_of_an_eye_2026,4.624972813284271,1,0,0,0,1.0,0.013164108721578568,0.35037424257460487,0.1625,0.5418419950613929,0.19874815763664574,0.011291721484399032,early
Cold Storage,2026-01-22,2026,696393,"When a mutating, highly contagious fungus escapes a sealed facility, two employees – joined by a grizzled bioterror operative – must survive the wildest night shift ever to save humanity from extinction.",en,"27,878,35",/3HA2iiq982e01EKXJvPFyfMADVM.jpg,https://image.tmdb.org/t/p/w500/3HA2iiq982e01EKXJvPFyfMADVM.jpg,/puqQGxK9HYITUKhCdREg3XOLlZd.jpg,https://image.tmdb.org/t/p/w500/puqQGxK9HYITUKhCdREg3XOLlZd.jpg,6.742,328,22.3495,False,1.0,6.742,328,2026,cold storage,0.0,0.0,0.0,0.0,0.0,0.0,0.0,0,,,80.0,76.0,1.0,https://www.rottentomatoes.com/m/cold_storage_2026,5.796057750765372,0,0,0,0,0.0,0.051725110092179984,0.7141754187335803,0.0225,0.6779780062642673,0.19764413545489978,0.01122899732565908,early
Love Me Love Me,2026-02-12,2026,1317672,"After her brother's death, June moves to Milan for a fresh start, finding comfort in Will, the perfect honor student at her new international school. But when his troubled best friend James—hiding a dangerous life in clandestine MMA fights—sparks a rivalry that quickly turns into irresistible attraction, June must choose between safety and a love that upends everything she thought she wanted.",en,"10749,18",/jfwHKRHRE2X4NTexdzblaioHH51.jpg,https://image.tmdb.org/t/p/w500/jfwHKRHRE2X4NTexdzblaioHH51.jpg,/ohUhHOqW8cM59Ay5UjqplLzJbH3.jpg,https://image.tmdb.org/t/p/w500/ohUhHOqW8cM59Ay5UjqplLzJbH3.jpg,5.719,219,16.4605,False,2.0,5.719,219,2026,love me love me,0.0,0.0,0.0,0.0,0.0,0.0,0.0,0,,,0.0,34.0,2.0,https://www.rottentomatoes.com/m/love_me_love_me,5.393627546352361,1,0,0,0,0.0,0.010830600499263616,0.6169188787911566,0.0625,0.6087091772518827,0.18994986964371446,0.010791853617762798,early
The Super Mario Galaxy Movie,2026-04-01,2026,1226863,"Having thwarted Bowser's previous plot to marry Princess Peach, Mario and Luigi now face a fresh threat in Bowser Jr., who is determined to liberate his father from captivity and restore the family legacy. Alongside companions new and old, the brothers travel across the stars to stop the young heir's crusade.",en,"10751,35,12,14,16",/eJGWx219ZcEMVQJhAgMiqo8tYY.jpg,https://image.tmdb.org/t/p/w500/eJGWx219ZcEMVQJhAgMiqo8tYY.jpg,/kxQiIJ4gVcD3K6o14MJ72p5yRcE.jpg,https://image.tmdb.org/t/p/w500/kxQiIJ4gVcD3K6o14MJ72p5yRcE.jpg,6.8,529,828.4621,False,4.0,6.8,529,2026,the super mario galaxy movie,0.0,0.0,0.0,0.0,0.0,0.0,0.0,0,,,43.0,89.0,4.0,https://www.rottentomatoes.com/m/the_super_mario_galaxy_movie,6.272877006546167,0,0,0,0,0.0,0.0039056400745100736,0.6995152729335338,0.0225,0.713887104208987,0.1894721293758308,0.010764711177244245,early
Kidnapped: Elizabeth Smart,2026-01-20,2026,1595481,Elizabeth Smart's harrowing abduction at 14 from her family's Utah home unfolds through her own words and never-before-seen material in this documentary.,en,"99,80",/8yuMPfz154d0PqX5PFXmgCCuTGd.jpg,https://image.tmdb.org/t/p/w500/8yuMPfz154d0PqX5PFXmgCCuTGd.jpg,/dTRZJuN9w5cW5FjuxxyJGXfwQdl.jpg,https://image.tmdb.org/t/p/w500/dTRZJuN9w5cW5FjuxxyJGXfwQdl.jpg,7.136,77,3.9145,False,1.0,7.136,77,2026,kidnapped: elizabeth smart,0.0,0.0,0.0,0.0,0.0,0.0,0.0,0,,,100.0,81.0,1.0,https://www.rottentomatoes.com/m/kidnapped_elizabeth_smart,4.356708826689592,0,0,0,0,0.0,0.31547961897850063,0.36136431431962296,0.0225,0.592344382996598,0.18891000924330337,0.010732774760561191,early
The Investigation of Lucy Letby,2026-02-04,2026,1620991,"An engaging and thought-provoking look at Lucy Letby, the former nurse serving life in prison after being convicted of the murders of seven infants and the attempted murders of seven others.",en,"99,80",/qhNThwc72GqihJhXaP29Af5hJ2A.jpg,https://image.tmdb.org/t/p/w500/qhNThwc72GqihJhXaP29Af5hJ2A.jpg,/qhSfXdkrIzwYsyQ3Z9ehFmO3zjy.jpg,https://image.tmdb.org/t/p/w500/qhSfXdkrIzwYsyQ3Z9ehFmO3zjy.jpg,6.359,46,4.8397,False,2.0,6.359,46,2026,the investigation of lucy letby,0.0,0.0,0.0,0.0,0.0,0.0,0.0,0,,,60.0,14.0,2.0,https://www.rottentomatoes.com/m/the_investigation_of_lucy_letby,3.8501476017100584,0,0,0,0,0.0,0.01074236508539353,0.8096176590569168,0.0225,0.5255801391357398,0.18852413578919022,0.01071085166137939,early
Queen of Chess,2026-01-27,2026,1596291,"A Hungarian girl dreams of conquering international men’s chess. After a 15-year battle against world champion Garry Kasparov and her domineering father, Judit Polgár revolutionizes the sport’s patriarchal culture to become one of the greatest chess prodigies in history and the greatest woman chess player of all time.",en,99,/ag5TZNcK3vHdCCpZIY8syjwzgfr.jpg,https://image.tmdb.org/t/p/w500/ag5TZNcK3vHdCCpZIY8syjwzgfr.jpg,/y5haKgSz1hCDatwIOMuqZ1CFKPW.jpg,https://image.tmdb.org/t/p/w500/y5haKgSz1hCDatwIOMuqZ1CFKPW.jpg,7.7,52,3.1568,False,1.0,7.7,52,2026,queen of chess,0.0,0.0,0.0,0.0,0.0,1.0,0.0,0,,,88.0,92.0,1.0,https://www.rottentomatoes.com/m/queen_of_chess,3.970291913552122,0,0,0,0,1.0,0.11341667011582736,0.25545057520998743,0.1225,0.5876835956950933,0.18714427987417293,0.010632456224328539,early
Hellfire,2026-02-05,2026,1088434,A drifter with a mysterious past arrives in a small town and finds the residents in the grip of a ruthless crime boss and realizes he has to help them.,en,"28,53",/tQti9QTf13MfzNpXguijgNh7ojE.jpg,https://image.tmdb.org/t/p/w500/tQti9QTf13MfzNpXguijgNh7ojE.jpg,/fyv3Cmsdq4pfiKU6M3azRATwBBU.jpg,https://image.tmdb.org/t/p/w500/fyv3Cmsdq4pfiKU6M3azRATwBBU.jpg,6.8,73,51.8558,False,2.0,6.8,73,2026,hellfire,0.0,0.0,0.0,0.0,0.0,0.0,0.0,0,,,0.0,,2.0,https://www.rottentomatoes.com/m/hellfire_2026,4.304065093204169,0,0,0,0,0.0,0.026382322463719018,0.7283070280954643,0.0225,0.5751959431658238,0.18441711302364583,0.010477514367841313,early
Shelter,2026-01-28,2026,1290821,"A man living in self-imposed exile on a remote island rescues a young girl from a violent storm, setting off a chain of events that forces him out of seclusion to protect her from enemies tied to his past.",en,"28,80,53",/buPFnHZ3xQy6vZEHxbHgL1Pc6CR.jpg,https://image.tmdb.org/t/p/w500/buPFnHZ3xQy6vZEHxbHgL1Pc6CR.jpg,/nHxWyy18SvAZ8jJeemtS8k1UNjM.jpg,https://image.tmdb.org/t/p/w500/nHxWyy18SvAZ8jJeemtS8k1UNjM.jpg,6.774,570,217.5428,False,1.0,6.774,570,2026,shelter,0.0,0.0,0.0,0.0,0.0,0.0,0.0,0,,,65.0,87.0,1.0,https://www.rottentomatoes.com/m/shelter_2026,6.3473892096560105,0,0,0,0,0.0,0.019560012073710192,0.6330068060208583,0.0225,0.7180960484535626,0.18304762816322706,0.010399708154164501,early
The Wizard of the Kremlin,2026-01-21,2026,1291659,"Russia, early 1990s. Amid post-Soviet chaos, a brilliant young man, Vadim Baranov, charts his path. First an artist, then a reality TV producer, he becomes the spin doctor to a rising KGB agent: Vladimir Putin. At the heart of power, Baranov shapes the new Russia, blurring the boundaries between truth and lies, belief and manipulation. Only the magnetic Ksenia is beyond his control, tempting him away from this dangerous game. Years later, after retreating into silence and shrouded in mystery, Baranov finally opens up, revealing the dark secrets of the regime he helped build.",en,18,/l8eEJ6iQPGLala7Oo43LTYb31fM.jpg,https://image.tmdb.org/t/p/w500/l8eEJ6iQPGLala7Oo43LTYb31fM.jpg,/muQBvHrG25EYQjgLVA6YQkcrnZH.jpg,https://image.tmdb.org/t/p/w500/muQBvHrG25EYQjgLVA6YQkcrnZH.jpg,6.456,114,7.304,False,1.0,6.456,114,2026,the wizard of the kremlin,0.0,0.0,0.0,0.0,0.0,0.0,0.0,0,,,52.0,,1.0,https://www.rottentomatoes.com/m/the_wizard_of_the_kremlin,4.74493212836325,1,0,0,0,0.0,0.02482114963072081,0.5465529574171423,0.0625,0.5924924196923598,0.18057141550795147,0.010259024064450149,early
F Valentine's Day,2026-02-12,2026,1429605,"Gina hates her Valentine's Day birthday and travels to Greece to prevent her boyfriend's proposal. With help from vacationers Johnny and his sister Mickey, she schemes to delay it – while questioning her relationship.",en,"10749,35",/8zPExowfpfZOTpS1W4J7G27lH4H.jpg,https://image.tmdb.org/t/p/w500/8zPExowfpfZOTpS1W4J7G27lH4H.jpg,/zFpaNGxW0FzRFKBOyCFVeYlCdI9.jpg,https://image.tmdb.org/t/p/w500/zFpaNGxW0FzRFKBOyCFVeYlCdI9.jpg,6.044,68,8.2742,False,2.0,6.044,68,2026,f valentine's day,0.0,0.0,0.0,0.0,0.0,0.0,0.0,0,,,0.0,64.0,2.0,https://www.rottentomatoes.com/m/f_valentines_day,4.23410650459726,0,0,0,0,0.0,0.02279441937289765,0.6821474599685203,0.0225,0.5400277741451662,0.1732587802843742,0.009843562400586071,early
Dolly,2026-03-06,2026,1309083,"Young Macy is abducted by a deranged, monstrous figure who wants to raise her as its child.",en,27,/sTPUg3XtdcKRAS5Vwsi1GYPFhNZ.jpg,https://image.tmdb.org/t/p/w500/sTPUg3XtdcKRAS5Vwsi1GYPFhNZ.jpg,/rhuEN18ZimDOva3guaWZA4hYgLB.jpg,https://image.tmdb.org/t/p/w500/rhuEN18ZimDOva3guaWZA4hYgLB.jpg,6.308,26,4.1461,False,3.0,6.308,26,2026,dolly,0.0,0.0,0.0,0.0,0.0,0.0,0.0,0,,,63.0,49.0,3.0,https://www.rottentomatoes.com/m/dolly,3.295836866004329,0,0,0,0,0.0,0.06301120415231763,0.6611182262481686,0.0225,0.48449222450624146,0.17259419721831298,0.009805804632290525,early
One Mile: Chapter Two,2026-02-27,2026,1327690,"Former special forces operative Danny is forced back onto a remote island when a violent, secretive community takes revenge by abducting his daughter Alex, launching a relentless hunt against enemies prepared for his every move.",en,"28,80",/3sjc9qXXmQoUWKQ3qIjS1nZaUJy.jpg,https://image.tmdb.org/t/p/w500/3sjc9qXXmQoUWKQ3qIjS1nZaUJy.jpg,/jxQIjkJBTyZSxN3yyilpR0ns6HA.jpg,https://image.tmdb.org/t/p/w500/jxQIjkJBTyZSxN3yyilpR0ns6HA.jpg,6.772,57,6.9126,False,2.0,6.772,57,2026,one mile: chapter two,0.0,0.0,0.0,0.0,0.0,0.0,0.0,0,,,0.0,,2.0,https://www.rottentomatoes.com/m/one_mile_chapter_two,4.060443010546419,0,0,0,0,0.0,0.014132517342965169,0.6744326141863474,0.0225,0.5569142075675246,0.1720578163532976,0.00977533057200571,early
Thrash,2026-04-10,2026,1290417,"When a Category 5 hurricane decimates a coastal town, the storm surge brings devastation, chaos, and something far more frightening onto shore: hungry sharks.",en,"27,53",/adk8weka3O5648g3de4z3y4aE7G.jpg,https://image.tmdb.org/t/p/w500/adk8weka3O5648g3de4z3y4aE7G.jpg,/3ooXDVaz4xHKtwe4lkmF1gNopOC.jpg,https://image.tmdb.org/t/p/w500/3ooXDVaz4xHKtwe4lkmF1gNopOC.jpg,6.011,348,206.5751,False,4.0,6.011,348,2026,thrash,0.0,0.0,0.0,0.0,0.0,0.0,0.0,0,,,0.0,,,,5.855071922202427,0,0,0,0,0.0,0.003664778672612922,0.6136938146073725,0.0225,0.652895205791119,0.17045154850474037,0.009684071717629751,early
The Strangers: Chapter 3,2026-02-05,2026,1010755,"Tethered by a frightening conclusion, Maya and the Strangers are locked on an unavoidable, unforgiving collision course — a showdown that proves they’re far from strangers now.",en,"27,53",/yPHwX78mcwJw3I6YOJ9qh2wQBFr.jpg,https://image.tmdb.org/t/p/w500/yPHwX78mcwJw3I6YOJ9qh2wQBFr.jpg,/fPfDB0IHOqvmKIzFP9CA51OOS1N.jpg,https://image.tmdb.org/t/p/w500/fPfDB0IHOqvmKIzFP9CA51OOS1N.jpg,5.702,114,147.297,False,2.0,5.702,114,2026,the strangers: chapter 3,0.0,0.0,0.0,0.0,0.0,0.0,0.0,0,,,17.0,49.0,2.0,https://www.rottentomatoes.com/m/the_strangers_chapter_3,4.74493212836325,0,0,0,0,0.0,0.009730585872005846,0.6599879757855482,0.0225,0.5623324196923597,0.16955255551146936,0.009632996132239918,early
Hannah Montana 20th Anniversary Special,2026-03-23,2026,1637319,"Filmed in front of a live studio audience and hosted by Alex Cooper of 'Call Her Daddy' fame, Miley Cyrus reflects on the creation and impact of the series with never-before-seen archival footage, all the while interacting and reminiscing on some of the show's most memorable sets 'brought back to life' — including the Stewart family living room and the legendary Hannah Montana closet.",en,"99,10402",/2BZ0bij5ORSvfDepCDD8CqVcpaG.jpg,https://image.tmdb.org/t/p/w500/2BZ0bij5ORSvfDepCDD8CqVcpaG.jpg,/w9NnNrq1aOu9hXhhUyMhQMts1oM.jpg,https://image.tmdb.org/t/p/w500/w9NnNrq1aOu9hXhhUyMhQMts1oM.jpg,7.2,71,11.9821,False,3.0,7.2,71,2026,hannah montana 20th anniversary special,0.0,0.0,0.0,0.0,0.0,0.0,0.0,0,,,60.0,,3.0,https://www.rottentomatoes.com/m/hannah_montana_20th_anniversary_special,4.276666119016055,0,0,1,0,0.0,0.03262918654565704,0.5333114436389516,0.035833333333333335,0.5892658473980209,0.16515747192810956,0.009383292888123895,early
Whistle,2026-01-20,2026,1193501,"A misfit group of unwitting high school students stumble upon a cursed object, an ancient Aztec Death Whistle. They discover that blowing the whistle and the terrifying sound it emits will summon their future deaths to hunt them down.",en,"27,9648",/eGxPyseSnEZBMJaopGfRUO9HSYx.jpg,https://image.tmdb.org/t/p/w500/eGxPyseSnEZBMJaopGfRUO9HSYx.jpg,/yJi6g0CnsqANLNuVaRX28tZxeHX.jpg,https://image.tmdb.org/t/p/w500/yJi6g0CnsqANLNuVaRX28tZxeHX.jpg,6.031,244,111.9862,False,1.0,6.031,244,2026,whistle,0.0,0.0,0.0,0.0,0.0,0.0,0.0,0,,,64.0,55.0,1.0,https://www.rottentomatoes.com/m/whistle_2025,5.501258210544727,0,0,0,0,0.0,0.04038404023952958,0.5391960165366193,0.0225,0.628771121306329,0.1642083226590317,0.009329367713063193,early
Outcome,2026-04-06,2026,1049471,"Reef Hawk, Hollywood's poster child since age six, is not okay. When he learns about an extortion plot tied to a mysterious video, Reef preemptively sets out on a redemption tour to make amends, confront his demons, and avoid getting canceled.",en,"35,18",/kSzcpfbTy2pXHGvrVU2WhQTo6oU.jpg,https://image.tmdb.org/t/p/w500/kSzcpfbTy2pXHGvrVU2WhQTo6oU.jpg,/avwIERZtWiWa34qShf5biDzAVaF.jpg,https://image.tmdb.org/t/p/w500/avwIERZtWiWa34qShf5biDzAVaF.jpg,5.4,119,89.173,False,4.0,5.4,119,2026,outcome,0.0,0.0,0.0,0.0,0.0,0.0,0.0,0,,,0.0,,,,4.787491742782046,1,0,0,0,0.0,0.016691657567790497,0.4690787657135457,0.0625,0.5532504929452142,0.16340019566511138,0.009283454608519827,early
Ready or Not: Here I Come,2026-03-19,2026,1266127,"Moments after surviving an all-out attack from the Le Domas family, Grace discovers she’s reached the next level of the nightmarish game — and this time with her estranged sister Faith at her side. Grace has one chance to survive, keep her sister alive, and claim the High Seat of the Council that controls the world. Four rival families are hunting her for the throne, and whoever wins rules it all.",en,"27,35",/jRf89HVEtBZiSnOXXWDhZOfuTwW.jpg,https://image.tmdb.org/t/p/w500/jRf89HVEtBZiSnOXXWDhZOfuTwW.jpg,/jSxeFrFCajefwka3TTRY4k8XVEX.jpg,https://image.tmdb.org/t/p/w500/jSxeFrFCajefwka3TTRY4k8XVEX.jpg,6.931,239,74.599,False,3.0,6.931,239,2026,ready or not: here i come,0.0,0.0,0.0,0.0,0.0,0.0,0.0,0,,,0.0,,,,5.480638923341991,0,0,0,0,0.0,0.008256249490154159,0.5504570367313911,0.0225,0.6633186144098344,0.16292666684872295,0.009256551438331598,early
Joe's College Road Trip,2026-02-12,2026,1243460,"To teach his sheltered grandson about the real world, Madea's foul-mouthed brother Joe takes the college-bound teen on a raucous cross-country road trip.",en,35,/jWGOCUlzF4aCVLwHoiuqWWfhcrA.jpg,https://image.tmdb.org/t/p/w500/jWGOCUlzF4aCVLwHoiuqWWfhcrA.jpg,/dbr3eceKuGnKc9v5GaVTVtegZNK.jpg,https://image.tmdb.org/t/p/w500/dbr3eceKuGnKc9v5GaVTVtegZNK.jpg,5.845,58,5.7697,False,2.0,5.845,58,2026,joe's college road trip,0.0,0.0,0.0,0.0,0.0,0.0,0.0,0,,,42.0,50.0,2.0,https://www.rottentomatoes.com/m/tyler_perrys_joes_college_road_trip,4.07753744390572,0,0,0,0,0.0,0.009243449487285992,0.6428019206136322,0.0225,0.5210384093472425,0.16274781892422627,0.00924639033306404,early
The Mortuary Assistant,2026-02-13,2026,1470130,"Rebecca Owens, a recent mortuary science graduate takes a night shift job at River Fields Mortuary. Initially, the job seems straightforward — embalming bodies, completing paperwork, and keeping things tidy. But once Rebecca starts working the night shift, things take a dark turn.",en,"27,9648",/72AoFPC5TY4DfJwXXS9rPwPeReD.jpg,https://image.tmdb.org/t/p/w500/72AoFPC5TY4DfJwXXS9rPwPeReD.jpg,/gM1kQRPwOVW1Eos5tVWqcYmHR5S.jpg,https://image.tmdb.org/t/p/w500/gM1kQRPwOVW1Eos5tVWqcYmHR5S.jpg,5.4,76,263.8668,False,2.0,5.4,76,2026,the mortuary assistant,0.0,0.0,0.0,0.0,0.0,0.0,0.0,0,,,37.0,19.0,2.0,https://www.rottentomatoes.com/m/the_mortuary_assistant,4.343805421853684,0,0,0,0,0.0,0.01071704230017938,0.6277539099569268,0.0225,0.5219954144018965,0.16088103639376455,0.009140330540326475,early
The Moment,2026-01-30,2026,1422562,"A rising pop sensation navigates fame and industry pressures while preparing for her arena tour debut, revealing the transformation of underground culture into mainstream success.",en,"10402,35,53",/dYgCgTqqMnWdsnP2XirdcFB28ch.jpg,https://image.tmdb.org/t/p/w500/dYgCgTqqMnWdsnP2XirdcFB28ch.jpg,/lQUsfSUcai6ZOHQHgobSlF0IDUV.jpg,https://image.tmdb.org/t/p/w500/lQUsfSUcai6ZOHQHgobSlF0IDUV.jpg,6.0,42,7.0501,False,1.0,6.0,42,2026,the moment,0.0,0.0,0.0,0.0,0.0,1.0,0.0,0,,,67.0,75.0,1.0,https://www.rottentomatoes.com/m/the_moment_2026,3.7612001156935624,0,0,1,0,1.0,0.08466468383096158,0.12359035546532282,0.13583333333333333,0.5049543145417804,0.16067525487350212,0.009128639223832927,early
Scream 7,2026-02-25,2026,1159559,"When a new Ghostface killer emerges in the quiet town where Sidney Prescott has built a new life, her darkest fears are realized as her daughter becomes the next target. Determined to protect her family, Sidney must face the horrors of her past to put an end to the bloodshed once and for all.",en,"27,9648,80",/jjyuk0edLiW8vOSnlfwWCCLpbh5.jpg,https://image.tmdb.org/t/p/w500/jjyuk0edLiW8vOSnlfwWCCLpbh5.jpg,/t9J2HXaDuJR7bvIG9XF7mttn4VY.jpg,https://image.tmdb.org/t/p/w500/t9J2HXaDuJR7bvIG9XF7mttn4VY.jpg,6.035,767,131.2172,False,2.0,6.035,767,2026,scream 7,0.0,0.0,0.0,0.0,0.0,0.0,0.0,0,,,30.0,75.0,2.0,https://www.rottentomatoes.com/m/scream_7,6.643789733147672,0,0,0,0,0.0,0.006590960314120734,0.4994870198987533,0.0225,0.7094157132190405,0.1595578163695412,0.009065152827215666,early
Balls Up,2026-04-15,2026,1084577,"Two marketing executives go ""balls out"" and pitch a bold full‑coverage condom sponsorship with the World Cup. After their drunken celebration in Brazil sparks a global scandal, they must outrun furious fans, criminals, and power-hungry officials to salvage their careers and make it home alive.",en,"35,28,12",/xwvJ3WzdJ1OCuDoY8LAxBUlQyig.jpg,https://image.tmdb.org/t/p/w500/xwvJ3WzdJ1OCuDoY8LAxBUlQyig.jpg,/jRsjWwZzI39bTm44FNhRtiICd9k.jpg,https://image.tmdb.org/t/p/w500/jRsjWwZzI39bTm44FNhRtiICd9k.jpg,5.488,81,214.69,False,4.0,5.488,81,2026,balls up,0.0,0.0,0.0,0.0,0.0,0.0,0.0,0,,,0.0,,,,4.406719247264253,0,0,0,0,0.0,0.011227173604299565,0.6103511957900286,0.0225,0.5299473214991302,0.1591678462392772,0.009042996978575165,early
Relationship Goals,2026-02-04,2026,1433842,"When TV producer Leah Caldwell aims to become the first woman running New York's top morning show, her ex competes for the same role. Leah stays focused on her career, until chemistry with her ex challenges her priorities.",en,"10749,35",/o7dVxvZIKnAB7k1eeeWp2k14Es7.jpg,https://image.tmdb.org/t/p/w500/o7dVxvZIKnAB7k1eeeWp2k14Es7.jpg,/dFdFQaffaBNBNM5hzinc6Q0oWDZ.jpg,https://image.tmdb.org/t/p/w500/dFdFQaffaBNBNM5hzinc6Q0oWDZ.jpg,5.632,53,3.4176,False,2.0,5.632,53,2026,relationship goals,0.0,0.0,0.0,0.0,0.0,0.0,0.0,0,,,19.0,46.0,2.0,https://www.rottentomatoes.com/m/relationship_goals,3.9889840465642745,0,0,0,0,0.0,0.007222208566111969,0.6119601465601546,0.0225,0.5062803459708614,0.1562414982943317,0.008876738803638123,early
Greenland 2: Migration,2026-01-07,2026,840464,"Having found the safety of the Greenland bunker after the comet Clarke decimated the Earth, the Garrity family must now risk everything to embark on a perilous journey across the wasteland of Europe to find a new home.",en,"12,53,878",/z2tqCJLsw6uEJ8nJV8BsQXGa3dr.jpg,https://image.tmdb.org/t/p/w500/z2tqCJLsw6uEJ8nJV8BsQXGa3dr.jpg,/wns4x1GyxCudgOZRyhXKjXVJf3T.jpg,https://image.tmdb.org/t/p/w500/wns4x1GyxCudgOZRyhXKjXVJf3T.jpg,6.471,883,217.9235,False,1.0,6.471,883,2026,greenland 2: migration,0.0,0.0,0.0,0.0,0.0,0.0,0.0,0,,,48.0,66.0,1.0,https://www.rottentomatoes.com/m/greenland_2_migration,6.784457062637643,0,0,0,0,0.0,0.03190806956272098,0.4144536912952672,0.0225,0.7367648950538297,0.15460115711221722,0.008783544099404994,early
The Dreadful,2026-02-20,2026,1242937,"In medieval England, Anne and her domineering mother-in-law Morwen struggle to survive on the outskirts of society. But when a man from Anne's past returns from war, a curse begins to take shape through a mysterious knight and threatens to destroy them all.",en,27,/nhhJkYau8nQMFgauvOudDjwj9vA.jpg,https://image.tmdb.org/t/p/w500/nhhJkYau8nQMFgauvOudDjwj9vA.jpg,/fAF3VGFBpItWNROmiGob60n0y5.jpg,https://image.tmdb.org/t/p/w500/fAF3VGFBpItWNROmiGob60n0y5.jpg,6.2,60,7.9554,False,2.0,6.2,60,2026,the dreadful,0.0,0.0,0.0,0.0,0.0,0.0,0.0,0,,,36.0,47.0,2.0,https://www.rottentomatoes.com/m/the_dreadful,4.110873864173311,0,0,0,0,0.0,0.005366680838108147,0.5760513112899235,0.0225,0.5375867630932776,0.1536147091704379,0.008727499829360516,early
Psycho Killer,2026-02-19,2026,1107166,"Following the brutal murder of her husband, a Kansas highway patrol officer sets out on a journey to track down the perpetrator. As the hunt progresses, she comes to realize the man responsible is a sadistic serial killer, and the depth of his mental depravity and his sinister agenda is more twisted than anyone could have imagined.",en,"80,27,9648",/5xgxxmLivJXL8aF0HdZfpx8aAIo.jpg,https://image.tmdb.org/t/p/w500/5xgxxmLivJXL8aF0HdZfpx8aAIo.jpg,/kt9p1cS4O72aSeFRGQzlLuI1mY4.jpg,https://image.tmdb.org/t/p/w500/kt9p1cS4O72aSeFRGQzlLuI1mY4.jpg,5.588,34,12.3839,False,2.0,5.588,34,2026,psycho killer,0.0,0.0,0.0,0.0,0.0,0.0,0.0,0,,,9.0,37.0,2.0,https://www.rottentomatoes.com/m/psycho_killer,3.5553480614894135,0,0,0,0,0.0,0.017019365036332,0.5924066928469082,0.0225,0.4739732541778013,0.15203720235208273,0.008637875010472019,early
In Cold Light,2026-01-23,2026,1128377,"Fresh out of prison, Ava's attempt to reclaim her drug operation collapses when she witnesses a brutal crime, forcing her to flee into a nightmarish underworld where allies are scarce and enemies multiply by the minute.",en,"53,80",/rnrrZfFiUIpL00wUh15OBKStnDD.jpg,https://image.tmdb.org/t/p/w500/rnrrZfFiUIpL00wUh15OBKStnDD.jpg,/AmTImtiEa13vujOEgTbqgzGcfyK.jpg,https://image.tmdb.org/t/p/w500/AmTImtiEa13vujOEgTbqgzGcfyK.jpg,5.8,30,2.4825,False,1.0,5.8,30,2026,in cold light,0.0,0.0,0.0,0.0,0.0,0.0,0.0,0,,,55.0,,1.0,https://www.rottentomatoes.com/m/in_cold_light,3.4339872044851463,0,0,0,0,0.0,0.057227391680234024,0.5263309434720227,0.0225,0.4739040992031425,0.15016052977716446,0.00853125332257628,early
Pose,2026-02-25,2026,1199193,"Isolated in a grand country manor, a reclusive artist spends a passionate and paranoid weekend with his ex-lover, an obsessive fan, and a potential muse. Hoping to spark a new wave of artistic brilliance over the course of a few tumultuous days, filled with chaos and revelation not all of them will make it out alive.",en,53,/qhyyyWrHUbl6QG4udAJj17CBa5.jpg,https://image.tmdb.org/t/p/w500/qhyyyWrHUbl6QG4udAJj17CBa5.jpg,/bAFnjhweXxHUWjmFzMTuX12Ud3b.jpg,https://image.tmdb.org/t/p/w500/bAFnjhweXxHUWjmFzMTuX12Ud3b.jpg,6.3,30,13.1524,False,2.0,6.3,30,2026,pose,0.0,0.0,0.0,0.0,0.0,0.0,0.0,0,,,0.0,15.0,2.0,https://www.rottentomatoes.com/m/pose,3.4339872044851463,0,0,0,0,0.0,0.026287663296651352,0.5232236921312804,0.0225,0.49390409920314254,0.14550649639933658,0.008266838047957204,early
Yoh! Bestie,2026-02-06,2026,1618945,"Thando is perpetually unlucky in love, but when her bestie returns from his travels with a fiancée in tow, she's forced to face a new emotion — jealousy.",en,"10749,35",/9wBzRaeWfELNOPmcvOVTmB3kDEl.jpg,https://image.tmdb.org/t/p/w500/9wBzRaeWfELNOPmcvOVTmB3kDEl.jpg,/1EVHnzF3gescyQZSqwbx5LfQ1EN.jpg,https://image.tmdb.org/t/p/w500/1EVHnzF3gescyQZSqwbx5LfQ1EN.jpg,6.2,38,2.7015,False,2.0,6.2,38,2026,yoh! bestie,0.0,0.0,0.0,0.0,0.0,0.0,0.0,0,,,0.0,,2.0,https://www.rottentomatoes.com/m/yoh_bestie,3.6635616461296463,0,0,0,0,0.0,0.019787837915547554,0.5232236921312804,0.0225,0.5060762615319778,0.14542374755599935,0.008262136736995478,early
Lee Cronin's The Mummy,2026-04-15,2026,1304313,"The young daughter of a journalist disappears into the desert without a trace—eight years later, the broken family is shocked when she is returned to them, as what should be a joyful reunion turns into a living nightmare.",en,"27,9648",/8L8efNkz8rUmwR7sV0g3vnC9yjn.jpg,https://image.tmdb.org/t/p/w500/8L8efNkz8rUmwR7sV0g3vnC9yjn.jpg,/zc08qkHtWfZ2cQGQBK1S5yafJmR.jpg,https://image.tmdb.org/t/p/w500/zc08qkHtWfZ2cQGQBK1S5yafJmR.jpg,6.887,97,168.596,False,4.0,6.887,97,2026,lee cronin's the mummy,0.0,0.0,0.0,0.0,0.0,0.0,0.0,0,,,0.0,,,,4.584967478670572,0,0,0,0,0.0,0.014115131922899468,0.45190409991273167,0.0225,0.598463855721675,0.14283002694365715,0.008114776524396893,early
Reminders of Him,2026-03-11,2026,1367642,"When Diem's custodial grandparents adamantly refuse Kenna's attempts to see her daughter, Kenna discovers unexpected compassion, and then something truer and deeper, with former NFL player and local bar owner Ledger. As their secret romance develops, so do the dangers for both of them, leading Kenna toward heartbreak and, ultimately, the hope for a second chance.",en,"10749,18",/7L6rceYgzQ0NeHD7PRDNrRoQ291.jpg,https://image.tmdb.org/t/p/w500/7L6rceYgzQ0NeHD7PRDNrRoQ291.jpg,/5rxEnsgriw8z065q51lrvPKYmCL.jpg,https://image.tmdb.org/t/p/w500/5rxEnsgriw8z065q51lrvPKYmCL.jpg,7.1,131,70.1343,False,3.0,7.1,131,2026,reminders of him,0.0,0.0,0.0,0.0,0.0,0.0,0.0,0,,,57.0,88.0,3.0,https://www.rottentomatoes.com/m/reminders_of_him,4.882801922586371,1,0,0,0,0.0,0.052535241804048054,0.2148337751488474,0.0625,0.6279645317046894,0.13990356780360563,0.007948512031996674,early
The Dutchman,2026-01-02,2026,1180417,"A successful black businessman, haunted by his crumbling marriage and identity crisis, is drawn into a psychological game of cat and mouse with a mysterious white woman he encounters on a New York subway.",en,"18,53",/v7CCosgX9LcSpt7bXmqw5OzTFTV.jpg,https://image.tmdb.org/t/p/w500/v7CCosgX9LcSpt7bXmqw5OzTFTV.jpg,/bUktSJyiZIs4qPpMopjz2NMY0s9.jpg,https://image.tmdb.org/t/p/w500/bUktSJyiZIs4qPpMopjz2NMY0s9.jpg,4.588,40,2.2076,False,1.0,4.588,40,2026,the dutchman,0.0,0.0,0.0,0.0,0.0,0.0,0.0,0,,,64.0,85.0,1.0,https://www.rottentomatoes.com/m/the_dutchman_2025,3.713572066704308,1,0,0,0,0.0,0.015541944560952028,0.3832146404025234,0.0625,0.44511920003451017,0.13947750497601993,0.007924305604922523,early
Do Not Enter,2026-03-19,2026,999136,"A group of young explorers investigates an old abandoned hotel, only to encounter a strange supernatural being and a competing group looking for a legendary hidden treasure.",en,27,/stM9N7eJmHKLmFR59JG4tLdN7Wk.jpg,https://image.tmdb.org/t/p/w500/stM9N7eJmHKLmFR59JG4tLdN7Wk.jpg,/8zyQbsmMlXfLkcctjNz5YZZwpkw.jpg,https://image.tmdb.org/t/p/w500/8zyQbsmMlXfLkcctjNz5YZZwpkw.jpg,5.3,66,39.185,False,3.0,5.3,66,2026,do not enter,0.0,0.0,0.0,0.0,0.0,0.0,0.0,0,,,0.0,,3.0,https://www.rottentomatoes.com/m/do_not_enter_2025,4.204692619390966,0,0,0,0,0.0,0.020203359020628076,0.4671324897474603,0.0225,0.5081957398068905,0.1373051192469337,0.007800883204930414,early
The Confession,2026-01-08,2026,1454741,"A woman finds her late father’s tape confessing to murder tied to an evil force—now her son shows the same darkness, and she must fight to stop it.",en,27,/7tmMQwSVVbijKV4lquYpBld3P9K.jpg,https://image.tmdb.org/t/p/w500/7tmMQwSVVbijKV4lquYpBld3P9K.jpg,/lALfCsv7YMNrqpWzIaxjS81JKOm.jpg,https://image.tmdb.org/t/p/w500/lALfCsv7YMNrqpWzIaxjS81JKOm.jpg,5.9,26,6.6111,False,1.0,5.9,26,2026,the confession,0.0,0.0,0.0,0.0,0.0,0.0,0.0,0,,,0.0,,1.0,https://www.rottentomatoes.com/m/the_confession_2025,3.295836866004329,0,0,0,0,0.0,0.05052733961989783,0.4411215406482489,0.0225,0.46817222450624146,0.13546592147184103,0.007696390618543573,early
Roommates,2026-04-13,2026,1511057,"When shy college freshman Devon asks cool-girl Celeste to be her roommate, a blossoming friendship quickly spirals into a war of passive aggression.",en,35,/eW1s6omXIfVkTlmKVe9y9Dwwt4u.jpg,https://image.tmdb.org/t/p/w500/eW1s6omXIfVkTlmKVe9y9Dwwt4u.jpg,/cW8iKmWA6JAHgvNMyvrjqWd1dNp.jpg,https://image.tmdb.org/t/p/w500/cW8iKmWA6JAHgvNMyvrjqWd1dNp.jpg,6.514,36,78.4163,False,4.0,6.514,36,2026,roommates,0.0,0.0,0.0,0.0,0.0,0.0,0.0,0,,,0.0,,,,3.6109179126442243,0,0,0,0,0.0,0.016877899237041152,0.4447495549841051,0.0225,0.5149278217012038,0.13395579526514437,0.007610593976526466,early
The Yeti,2026-04-04,2026,1418657,"When an oil tycoon and a famous adventurer vanish into the harsh winter of remote northern Alaska, a hand-picked rescue team endeavors to bring them home. What they don’t know is that they are trespassing on The Yeti’s territory, and the elements are the least of their worries.",en,"27,53",/zaqEfoKcWkVni2eONhJ7DRhMO8Q.jpg,https://image.tmdb.org/t/p/w500/zaqEfoKcWkVni2eONhJ7DRhMO8Q.jpg,/1ytf7rzkZ7RLlMnBdGggQ0ENe6z.jpg,https://image.tmdb.org/t/p/w500/1ytf7rzkZ7RLlMnBdGggQ0ENe6z.jpg,6.894,33,108.5458,False,4.0,6.894,33,2026,the yeti,0.0,0.0,0.0,0.0,0.0,0.0,0.0,0,,,0.0,,,,3.5263605246161616,0,0,0,0,0.0,0.024789688034903036,0.4258111370927993,0.0225,0.5241712535593124,0.13362173352683174,0.007591614519546963,early
Twisted,2026-02-06,2026,1373198,Two millennials make quick money by leasing incredible New York City apartments they don’t own to people who don’t know they are being scammed. The con works brilliantly until they run into an apartment owner with a dark secret who flips the game on them.,en,"27,53",/rF6txsM6cgF9vg6Ra5sNbkvUwrw.jpg,https://image.tmdb.org/t/p/w500/rF6txsM6cgF9vg6Ra5sNbkvUwrw.jpg,/b13AuahXeffKtRYij0QYb9pBuEy.jpg,https://image.tmdb.org/t/p/w500/b13AuahXeffKtRYij0QYb9pBuEy.jpg,4.4,43,5.3438,False,2.0,4.4,43,2026,twisted,0.0,0.0,0.0,0.0,0.0,0.0,0.0,0,,,0.0,,2.0,https://www.rottentomatoes.com/m/twisted_2026,3.784189633918261,0,0,0,0,0.0,0.011273560107859276,0.4957051023007823,0.0225,0.4425737902026089,0.1332428563869501,0.007570088910498699,early
Sniper: No Nation,2026-04-07,2026,1641319,Brandon Beckett and Agent Zero lead a rescue mission in Venezuela when their friends are taken hostage.,en,"28,53",/3T9nAX0jAp0iT18ex25BlZEpRDb.jpg,https://image.tmdb.org/t/p/w500/3T9nAX0jAp0iT18ex25BlZEpRDb.jpg,/7lizs4SuEU2ihkkAa0SZ66NtHbl.jpg,https://image.tmdb.org/t/p/w500/7lizs4SuEU2ihkkAa0SZ66NtHbl.jpg,6.2,30,179.0305,False,4.0,6.2,30,2026,sniper: no nation,0.0,0.0,0.0,0.0,0.0,0.0,0.0,0,,,0.0,,,,3.4339872044851463,0,0,0,0,0.0,0.022443766077847375,0.4447495549841051,0.0225,0.48990409920314254,0.1325665963834995,0.00753166772611739,early
The Internship,2026-01-13,2026,1584215,"A CIA-trained assassin recruits other graduates from her secret childhood program, The Internship, to violently destroy the organization. The CIA fights back with deadly force.",en,28,/fYqSOkix4rbDiZW0ACNnvZCpT6X.jpg,https://image.tmdb.org/t/p/w500/fYqSOkix4rbDiZW0ACNnvZCpT6X.jpg,/eUERZRVjCTNdgnESlQxyaOJ2d4K.jpg,https://image.tmdb.org/t/p/w500/eUERZRVjCTNdgnESlQxyaOJ2d4K.jpg,6.2,65,20.9829,False,1.0,6.2,65,2026,the internship,0.0,0.0,0.0,0.0,0.0,0.0,0.0,0,,,0.0,,1.0,https://www.rottentomatoes.com/m/the_internship_2025,4.189654742026425,0,0,0,0,0.0,0.019810977192059008,0.4116457333593101,0.0225,0.5431364102400693,0.13239769646631525,0.00752207180912243,early
Night Patrol,2026-01-16,2026,1323625,An L.A. cop discovers a local task force is hiding a secret that puts the residents of his childhood neighborhood in danger.,en,"27,9648,28",/rNqLzACU9ez2ehDalTFDPjZiC4G.jpg,https://image.tmdb.org/t/p/w500/rNqLzACU9ez2ehDalTFDPjZiC4G.jpg,/vHvVt2Lovn4G6of9u3pHEQE2CxI.jpg,https://image.tmdb.org/t/p/w500/vHvVt2Lovn4G6of9u3pHEQE2CxI.jpg,5.104,47,6.2824,False,1.0,5.104,47,2026,night patrol,0.0,0.0,0.0,0.0,0.0,0.0,0.0,0,,,53.0,34.0,1.0,https://www.rottentomatoes.com/m/night_patrol_2025,3.8712010109078907,0,0,0,0,0.0,0.03225343330779474,0.43898439657586624,0.0225,0.4768632273605604,0.13235966888399492,0.0075199113017074565,early
Killer Whale,2026-01-16,2026,1412598,Follows best friends Maddie and Trish as they find themselves trapped in a remote lagoon with the dangerous killer whale named Ceto.,en,"53,27,28,9648,878",/xC6zdIoIHjhOIFmjNyGgtzhuhiF.jpg,https://image.tmdb.org/t/p/w500/xC6zdIoIHjhOIFmjNyGgtzhuhiF.jpg,/ykigHs1OIyqqV04zfFqIlSHp546.jpg,https://image.tmdb.org/t/p/w500/ykigHs1OIyqqV04zfFqIlSHp546.jpg,5.7,79,27.3062,False,1.0,5.7,79,2026,killer whale,0.0,0.0,0.0,0.0,0.0,0.0,0.0,0,,,20.0,21.0,1.0,https://www.rottentomatoes.com/m/killer_whale,4.382026634673881,0,0,0,0,0.0,0.016673158695217297,0.4179571927090326,0.0225,0.5366878729077538,0.13207199793617372,0.007503567501288996,early
Misdirection,2026-01-13,2026,1146344,"A desperate couple have pulled off a string of high-end break-ins to pay off a mob debt. When they attempt to rob their latest victim, they find themselves caught in a deadly game of cat and mouse. The tables are turned and the hunters become the hunted.",en,"27,53",/z7padnoIDHbmxPdqEHryhqlaVqc.jpg,https://image.tmdb.org/t/p/w500/z7padnoIDHbmxPdqEHryhqlaVqc.jpg,/pgVvGaqM77sQR90OeMMVNvQAxbg.jpg,https://image.tmdb.org/t/p/w500/pgVvGaqM77sQR90OeMMVNvQAxbg.jpg,5.8,37,7.5739,False,1.0,5.8,37,2026,misdirection,0.0,0.0,0.0,0.0,0.0,0.0,0.0,0,,,0.0,,1.0,https://www.rottentomatoes.com/m/misdirection,3.6375861597263857,0,0,0,0,0.0,0.0314647341754587,0.42304390564647465,0.0225,0.4882464420639446,0.1309491768884574,0.0074397752996485005,early
Iron Lung,2026-01-29,2026,1116201,"The stars are gone. The planets have disappeared. Only individuals aboard space stations or starships were left to give the end a name -- The Quiet Rapture. After decades of decay and crumbling infrastructure, the Consolidation of Iron has made a discovery on a barren moon designated AT-5. An ocean of blood. Hoping to discover desperately needed resources they immediately launch an expedition. A submarine is crafted and a convict is welded inside. Due to the pressure and depth of the ocean the forward viewport has been encased in metal. If successful, they will earn their freedom. If not, another will follow. This will be the 13th expedition.",en,"27,9648,878",/sIwakdbMGS1krtgendTWpxTY9Hw.jpg,https://image.tmdb.org/t/p/w500/sIwakdbMGS1krtgendTWpxTY9Hw.jpg,/gqGQ0zADV5FIcgMWtWX8FcGQjFp.jpg,https://image.tmdb.org/t/p/w500/gqGQ0zADV5FIcgMWtWX8FcGQjFp.jpg,7.3,128,8.6341,False,1.0,7.3,128,2026,iron lung,0.0,0.0,0.0,0.0,0.0,0.0,0.0,0,,,61.0,87.0,1.0,https://www.rottentomatoes.com/m/iron_lung,4.859812404361672,0,0,0,0,0.0,0.1303769188267478,0.1906870732004892,0.0225,0.6343450560438608,0.13048795034980903,0.007413571073770079,early
Return to Silent Hill,2026-01-21,2026,680493,"When James receives a mysterious letter from his lost love Mary, he is drawn to Silent Hill—a once-familiar town now consumed by darkness. As he searches for her, James faces monstrous creatures and unravels a terrifying truth that will push him to the edge of his sanity.",en,"9648,18,27",/fqAGFN2K2kDL0EHxvJaXzaMUkkt.jpg,https://image.tmdb.org/t/p/w500/fqAGFN2K2kDL0EHxvJaXzaMUkkt.jpg,/v0NEB75SZjxY8GS3ho8WeEvjIT3.jpg,https://image.tmdb.org/t/p/w500/v0NEB75SZjxY8GS3ho8WeEvjIT3.jpg,5.161,389,113.3976,False,1.0,5.161,389,2026,return to silent hill,0.0,0.0,0.0,0.0,0.0,0.0,0.0,0,,,18.0,28.0,1.0,https://www.rottentomatoes.com/m/return_to_silent_hill,5.966146739123692,1,0,0,0,0.0,0.002077745303056309,0.21145946435059657,0.0625,0.6267197700458718,0.12918144571778792,0.007339343032623501,early
Oscar Shaw,2026-01-09,2026,1601243,"After retiring from the police force, a relentless detective haunted by the tragic loss of his closest friend sets out on a perilous quest for vengeance, seeking redemption and fighting to restore justice to the streets he once swore to protect.",en,"28,80,53,37",/tsE3nySukwrfUjouz8vzvKTcXNC.jpg,https://image.tmdb.org/t/p/w500/tsE3nySukwrfUjouz8vzvKTcXNC.jpg,/6D6M5z4reppUxo2cnBEKI02Csp1.jpg,https://image.tmdb.org/t/p/w500/6D6M5z4reppUxo2cnBEKI02Csp1.jpg,6.483,29,19.4765,False,1.0,6.483,29,2026,oscar shaw,0.0,0.0,0.0,0.0,0.0,0.0,0.0,0,,,0.0,,1.0,https://www.rottentomatoes.com/m/oscar_shaw,3.4011973816621555,0,0,0,0,0.0,0.03857855293011474,0.38009307463303826,0.0225,0.4989142500159743,0.12699609678257612,0.007215184138191114,early
One Mile: Chapter One,2026-02-20,2026,1327688,"After being released from prison, a father tries to reconnect with his daughter by taking her on a tour of college, but they soon find themselves fighting for more than their lost relationship when a murderous cult pursues them.",en,"28,80",/1GZaoYe0mQy211DgDSAxAXr30ul.jpg,https://image.tmdb.org/t/p/w500/1GZaoYe0mQy211DgDSAxAXr30ul.jpg,/xBORKTaQJTq3l7EdnTTnrZnYzYa.jpg,https://image.tmdb.org/t/p/w500/xBORKTaQJTq3l7EdnTTnrZnYzYa.jpg,7.243,72,7.8521,False,2.0,7.243,72,2026,one mile: chapter one,0.0,0.0,0.0,0.0,0.0,0.0,0.0,0,,,0.0,55.0,2.0,https://www.rottentomatoes.com/m/one_mile_chapter_one,4.290459441148391,0,0,0,0,0.0,0.051014744691579766,0.2800636746371613,0.0225,0.5919575054056814,0.12378325067445829,0.007032648793680264,early
Melania,2026-01-30,2026,1413097,"Offering unprecedented access to the 20 days leading up to the 2025 Presidential Inauguration — through the eyes of the First Lady-elect herself — step inside Melania Trump's world as she orchestrates inauguration plans, navigates the complexities of the White House transition, and reenters public life with her family. With exclusive footage capturing critical meetings, private conversations, and never-before-seen environments, Mrs. Trump returns to one of the world's most powerful roles.",en,99,/ba6Silct0Y4pyvrSv0Tj0Urmx9f.jpg,https://image.tmdb.org/t/p/w500/ba6Silct0Y4pyvrSv0Tj0Urmx9f.jpg,/xUwp42fEd3TQDxNVObFB8WVijTY.jpg,https://image.tmdb.org/t/p/w500/xUwp42fEd3TQDxNVObFB8WVijTY.jpg,3.5,139,4.092,False,1.0,3.5,139,2026,melania,0.0,0.0,0.0,0.0,0.0,0.0,0.0,0,,,10.0,98.0,1.0,https://www.rottentomatoes.com/m/melania,4.941642422609304,0,0,0,0,0.0,0.00484972860526261,0.4013765498368287,0.0225,0.4881094971070412,0.12236237790728095,0.006951923016181154,early
Nirvanna the Band the Show the Movie,2026-02-13,2026,1154538,"When their plan to book a show at the Rivoli goes horribly wrong, Matt and Jay accidentally travel back to the year 2008.",en,"35,878,12",/sm5TGX8WbnCd9Uo26cLyTxVwA1n.jpg,https://image.tmdb.org/t/p/w500/sm5TGX8WbnCd9Uo26cLyTxVwA1n.jpg,/cQtR06YrlSbg9w7vTFFFc3A6mgv.jpg,https://image.tmdb.org/t/p/w500/cQtR06YrlSbg9w7vTFFFc3A6mgv.jpg,7.7,38,4.9642,False,2.0,7.7,38,2026,nirvanna the band the show the movie,0.0,0.0,0.0,0.0,0.0,0.0,0.0,0,,,98.0,95.0,2.0,https://www.rottentomatoes.com/m/nirvanna_the_band_the_show_the_movie,3.6635616461296463,0,0,0,0,0.0,0.11102300182696057,0.2008356938627001,0.0225,0.5660762615319779,0.1213125805979949,0.006892279601256015,early
Wasteman,2026-02-20,2026,1307373,"Taylor's hopes for a fresh start post-parole are jeopardised by cellmate Dee's arrival. As Dee takes Taylor under his wing, a vicious attack tests their bond, forcing Taylor to choose between protecting Dee and his own chances at freedom.",en,"80,18,53",/lKK9ImwpoTCwDZKgYpjIIJCnlf0.jpg,https://image.tmdb.org/t/p/w500/lKK9ImwpoTCwDZKgYpjIIJCnlf0.jpg,/qLp9td9ZfOe7G6wHhrepKtIH5Qe.jpg,https://image.tmdb.org/t/p/w500/qLp9td9ZfOe7G6wHhrepKtIH5Qe.jpg,7.4,26,8.699,False,2.0,7.4,26,2026,wasteman,0.0,0.0,0.0,0.0,0.0,0.0,0.0,0,,,0.0,,,,3.295836866004329,1,0,0,0,0.0,0.05474474343891741,0.14909423238959468,0.0625,0.5281722245062415,0.12050530599684683,0.006846414924742844,early
Solo Mio,2026-02-05,2026,1291335,"After Matt's dreams of a picturesque Italian wedding are shattered when his fiancée leaves him at the altar, he embarks on his planned honeymoon across Italy alone, immersing himself in the country's vibrant culture, food, and beauty, meeting Gia along the way.",en,"10749,35",/efSsZJaddeq0LOABZqpCXdMxv9P.jpg,https://image.tmdb.org/t/p/w500/efSsZJaddeq0LOABZqpCXdMxv9P.jpg,/eVXBp5BBskAj0RJ6pDSNPcBs1uI.jpg,https://image.tmdb.org/t/p/w500/eVXBp5BBskAj0RJ6pDSNPcBs1uI.jpg,7.1,118,13.8948,False,2.0,7.1,118,2026,solo mio,0.0,0.0,0.0,0.0,0.0,0.0,0.0,0,,,83.0,95.0,2.0,https://www.rottentomatoes.com/m/solo_mio,4.77912349311153,0,0,0,0,0.0,0.08675597054391225,0.17285517586345928,0.0225,0.6206609992232198,0.11772057041062332,0.006688202345460385,early
Kissing Is the Easy Part,2026-02-13,2026,1515615,Sean's gunning for MIT. Flora's ditching the SAT. A secret deal with her tenured parents sparks a romance that challenges everything they believe in.,en,"10749,35",/gPxlb7LLqbsKgjltgVrgYdhfxCZ.jpg,https://image.tmdb.org/t/p/w500/gPxlb7LLqbsKgjltgVrgYdhfxCZ.jpg,/7yuHdP85F2ZxhKbSoPgCBT9uJT3.jpg,https://image.tmdb.org/t/p/w500/7yuHdP85F2ZxhKbSoPgCBT9uJT3.jpg,7.2,25,3.9719,False,2.0,7.2,25,2026,kissing is the easy part,0.0,0.0,0.0,0.0,0.0,0.0,0.0,0,,,0.0,,2.0,https://www.rottentomatoes.com/m/kissing_is_the_easy_part,3.258096538021482,0,0,0,0,0.0,0.07436461292863199,0.20899953439232094,0.0225,0.5175136414945174,0.11034921689402627,0.006269404647598797,early
Mercy,2026-01-20,2026,1236153,"In the near future, a detective stands on trial accused of murdering his wife. He has ninety minutes to prove his innocence to the advanced AI Judge he once championed, before it determines his fate.",en,"878,28,53,80",/pyok1kZJCfyuFapYXzHcy7BLlQa.jpg,https://image.tmdb.org/t/p/w500/pyok1kZJCfyuFapYXzHcy7BLlQa.jpg,/po1niVuud0tX86xOFegO5omQ2wX.jpg,https://image.tmdb.org/t/p/w500/po1niVuud0tX86xOFegO5omQ2wX.jpg,6.973,1129,49.8581,False,1.0,6.973,1129,2026,mercy,0.0,0.0,0.0,0.0,0.0,0.0,0.0,0,,,25.0,82.0,1.0,https://www.rottentomatoes.com/m/mercy_2026,7.029972911706386,0,0,0,0,0.0,0.053326819348628804,0.011949061375003785,0.0225,0.7741400353011485,0.10224672660609119,0.005809067984611075,early
How to Make a Killing,2026-02-19,2026,467905,"Disowned at birth by his obscenely wealthy family, blue-collar Becket Redfellow will stop at nothing to reclaim his inheritance, no matter how many relatives stand in his way.",en,"35,53",/yQ7OP2HYxl9YmkWNMkuUA2YaF5.jpg,https://image.tmdb.org/t/p/w500/yQ7OP2HYxl9YmkWNMkuUA2YaF5.jpg,/4SKnHRIHv9SpsR1v45T7Los719O.jpg,https://image.tmdb.org/t/p/w500/4SKnHRIHv9SpsR1v45T7Los719O.jpg,7.0,277,30.1152,False,2.0,7.0,277,2026,how to make a killing,0.0,0.0,0.0,0.0,0.0,0.0,0.0,0,,,44.0,77.0,2.0,https://www.rottentomatoes.com/m/how_to_make_a_killing_2026,5.627621113690637,0,0,0,0,0.0,0.012308706905605284,0.1073080695177072,0.0225,0.6764326408630355,0.09857621589508068,0.005600530782822232,early
One Last Adventure: The Making of Stranger Things 5,2026-01-11,2026,1610413,An inside look at the years of effort and craft that went into the final installment of the Duffer Brothers' generation-defining series.,en,99,/iX3ccl1TUNZgu4cNUm1pRLcevww.jpg,https://image.tmdb.org/t/p/w500/iX3ccl1TUNZgu4cNUm1pRLcevww.jpg,/edGuDPKY6qHBg9hYvmnvLjcFoy4.jpg,https://image.tmdb.org/t/p/w500/edGuDPKY6qHBg9hYvmnvLjcFoy4.jpg,7.441,85,5.3532,False,1.0,7.441,85,2026,one last adventure: the making of stranger things 5,0.0,0.0,0.0,0.0,0.0,0.0,0.0,0,,,0.0,46.0,1.0,https://www.rottentomatoes.com/m/one_last_adventure_the_making_of_stranger_things_5,4.454347296253507,0,0,0,0,0.0,0.02137159772203855,0.12598096512860188,0.0225,0.6114224360064004,0.09668870791433805,0.0054932934897999166,early
Skyscraper Live,2026-01-23,2026,1599090,"No ropes. No fear. Free solo legend Alex Honnold risks it all in a high-stakes, live ascent of one of the world's tallest skyscrapers in Taipei, Taiwan.",en,"12,99",/hbURquxQUJXFfeqpjzmHekRmyqb.jpg,https://image.tmdb.org/t/p/w500/hbURquxQUJXFfeqpjzmHekRmyqb.jpg,/ln4AcBFey31UWfW3cQdKPwdfvAd.jpg,https://image.tmdb.org/t/p/w500/ln4AcBFey31UWfW3cQdKPwdfvAd.jpg,7.442,26,4.2968,False,1.0,7.442,26,2026,skyscraper live,0.0,0.0,0.0,0.0,0.0,0.0,0.0,0,,,0.0,,1.0,https://www.rottentomatoes.com/m/skyscraper_live,3.295836866004329,0,0,0,0,0.0,0.05202972391467588,0.08916788108072946,0.0225,0.5298522245062414,0.08914134939566873,0.005064496205089858,early
Finding Harry: The Craft Behind the Magic,2026-04-05,2026,1662432,"Featuring interviews from members of the casting, production design, costume design, and creature effects teams, follow the behind-the-scenes journey of bringing the Harry Potter books to the small screen. Find out how the new Golden Trio were found, and celebrate the commitment to detail of the artists, craftspeople, and technicians who have come together to bring the wizarding world to life.",en,99,/aq8jKIfASiOR6wz9FCeeCH90xZq.jpg,https://image.tmdb.org/t/p/w500/aq8jKIfASiOR6wz9FCeeCH90xZq.jpg,/3S2YwyacgPspDSHbUhnApjEx2Wp.jpg,https://image.tmdb.org/t/p/w500/3S2YwyacgPspDSHbUhnApjEx2Wp.jpg,7.712,26,9.6243,False,4.0,7.712,26,2026,finding harry: the craft behind the magic,0.0,0.0,0.0,0.0,0.0,0.0,0.0,0,,,0.0,,4.0,https://www.rottentomatoes.com/m/finding_harry_the_craft_behind_the_magic,3.295836866004329,0,0,0,0,0.0,0.022879196812864815,0.11338794397375253,0.0225,0.5406522245062415,0.08802425340925998,0.005001029268340042,early
