year_film,film,film_key,release_month,query,status,matched_title,matched_vanity,matched_release_year,tomatometer_rating,audience_rating,poster_url,rt_url,match_score,match_reason,rt_updated_at,fetched_at,error_message
2000,Chocolat,chocolat,,Chocolat,matched,Chocolat,chocolat,2000,63,83,https://resizing.flixster.com/-XZAfHZM39UwaGJIFWKAE8fS0ak=/v3/t/assets/p26689_p_v8_aa.jpg,https://www.rottentomatoes.com/m/chocolat,205,"ratio=1.00, exact-title, exact-year, main-title, has-score",2026-04-08T21:03:05.741Z,2026-04-10T00:05:42.712409+00:00,
2000,"Crouching Tiger, Hidden Dragon",crouching tiger hidden dragon,,"Crouching Tiger, Hidden Dragon",matched,"Crouching Tiger, Hidden Dragon",crouching_tiger_hidden_dragon,2000,96,86,https://resizing.flixster.com/huyAd6be-6f54RY3NcfaCS00pgo=/ems.cHJkLWVtcy1hc3NldHMvbW92aWVzLzBjOWM4MTRlLWRjZWUtNDM4NS1hYzEwLWZhOGMxMmMzODg5NS5qcGc=,https://www.rottentomatoes.com/m/crouching_tiger_hidden_dragon,205,"ratio=1.00, exact-title, exact-year, main-title, has-score",2026-04-09T05:11:14.406Z,2026-04-10T00:05:42.712409+00:00,
2000,Erin Brockovich,erin brockovich,,Erin Brockovich,matched,Erin Brockovich,erin_brockovich,2000,87,81,https://resizing.flixster.com/-XZAfHZM39UwaGJIFWKAE8fS0ak=/v3/t/assets/p24917_p_v11_aa.jpg,https://www.rottentomatoes.com/m/erin_brockovich,205,"ratio=1.00, exact-title, exact-year, main-title, has-score",2026-04-09T01:57:21.278Z,2026-04-10T00:05:42.712409+00:00,
2000,Gladiator,gladiator,,Gladiator,matched,Gladiator,gladiator,2000,80,87,https://resizing.flixster.com/-XZAfHZM39UwaGJIFWKAE8fS0ak=/v3/t/assets/p24674_p_v12_bc.jpg,https://www.rottentomatoes.com/m/gladiator,205,"ratio=1.00, exact-title, exact-year, main-title, has-score",2026-04-09T16:38:54.156Z,2026-04-10T00:05:42.712409+00:00,
2000,Traffic,traffic,,Traffic,matched,Traffic,1103281-traffic,2000,93,85,https://resizing.flixster.com/-XZAfHZM39UwaGJIFWKAE8fS0ak=/v3/t/assets/p26760_p_v8_ae.jpg,https://www.rottentomatoes.com/m/1103281-traffic,205,"ratio=1.00, exact-title, exact-year, main-title, has-score",2026-04-09T00:55:58.276Z,2026-04-10T00:05:42.712409+00:00,
2001,A Beautiful Mind,a beautiful mind,,A Beautiful Mind,matched,A Beautiful Mind,beautiful_mind,2001,74,93,https://resizing.flixster.com/QmvY5qbZw45ulZNcSkGgBFF7jeU=/ems.cHJkLWVtcy1hc3NldHMvbW92aWVzLzJjMGY0MDkwLTA0YjktNGRhMC1iNWMzLTg5OWRhYTc0ZTcyNy5qcGc=,https://www.rottentomatoes.com/m/beautiful_mind,205,"ratio=1.00, exact-title, exact-year, main-title, has-score",2026-04-09T20:15:28.995Z,2026-04-10T00:05:42.712409+00:00,
2001,Gosford Park,gosford park,,Gosford Park,matched,Gosford Park,gosford_park,2001,87,78,https://resizing.flixster.com/-XZAfHZM39UwaGJIFWKAE8fS0ak=/v3/t/assets/p28812_p_v10_ah.jpg,https://www.rottentomatoes.com/m/gosford_park,205,"ratio=1.00, exact-title, exact-year, main-title, has-score",2026-04-08T21:02:24.072Z,2026-04-10T00:05:42.712409+00:00,
2001,In the Bedroom,in the bedroom,,In the Bedroom,matched,In the Bedroom,in_the_bedroom,2001,93,81,https://resizing.flixster.com/-XZAfHZM39UwaGJIFWKAE8fS0ak=/v3/t/assets/p25975_p_v10_ab.jpg,https://www.rottentomatoes.com/m/in_the_bedroom,205,"ratio=1.00, exact-title, exact-year, main-title, has-score",2026-04-09T01:00:52.108Z,2026-04-10T00:05:42.712409+00:00,
2001,Moulin Rouge,moulin rouge,,Moulin Rouge,matched,Moulin Rouge,moulin_rouge_2001,2001,75,89,https://resizing.flixster.com/kzChGzGwY-apVFVczknOumDNODY=/ems.cHJkLWVtcy1hc3NldHMvbW92aWVzLzYwZmM5MzE1LWIyOWQtNGNiNC1iNDg4LTE2NDRjMTM2MzA2NC53ZWJw,https://www.rottentomatoes.com/m/moulin_rouge_2001,205,"ratio=1.00, exact-title, exact-year, main-title, has-score",2026-04-08T21:03:05.008Z,2026-04-10T00:05:42.712409+00:00,
2001,The Lord of the Rings: The Fellowship of the Ring,the lord of the rings the fellowship of the ring,,The Lord of the Rings: The Fellowship of the Ring,matched,The Lord of the Rings: The Fellowship of the Ring,the_lord_of_the_rings_the_fellowship_of_the_ring,2001,91,95,https://resizing.flixster.com/-XZAfHZM39UwaGJIFWKAE8fS0ak=/v3/t/assets/p28828_p_v8_ao.jpg,https://www.rottentomatoes.com/m/the_lord_of_the_rings_the_fellowship_of_the_ring,205,"ratio=1.00, exact-title, exact-year, main-title, has-score",2026-04-08T21:02:06.608Z,2026-04-10T00:05:42.712409+00:00,
2002,Chicago,chicago,,Chicago,matched,Chicago,chicago,2002,87,83,https://resizing.flixster.com/-XZAfHZM39UwaGJIFWKAE8fS0ak=/v3/t/assets/p30995_p_v13_ah.jpg,https://www.rottentomatoes.com/m/chicago,205,"ratio=1.00, exact-title, exact-year, main-title, has-score",2026-04-08T21:03:04.192Z,2026-04-10T00:05:42.712409+00:00,
2002,Gangs of New York,gangs of new york,,Gangs of New York,matched,Gangs of New York,gangs_of_new_york,2002,72,81,https://resizing.flixster.com/-XZAfHZM39UwaGJIFWKAE8fS0ak=/v3/t/assets/p28877_p_v10_as.jpg,https://www.rottentomatoes.com/m/gangs_of_new_york,205,"ratio=1.00, exact-title, exact-year, main-title, has-score",2026-04-09T01:21:57.487Z,2026-04-10T00:05:42.712409+00:00,
2002,The Hours,the hours,,The Hours,matched,The Hours,hours,2002,79,84,https://resizing.flixster.com/-XZAfHZM39UwaGJIFWKAE8fS0ak=/v3/t/assets/p30404_p_v12_aj.jpg,https://www.rottentomatoes.com/m/hours,205,"ratio=1.00, exact-title, exact-year, main-title, has-score",2026-04-08T21:05:03.220Z,2026-04-10T00:05:42.712409+00:00,
2002,The Lord of the Rings: The Two Towers,the lord of the rings the two towers,,The Lord of the Rings: The Two Towers,matched,The Lord of the Rings: The Two Towers,the_lord_of_the_rings_the_two_towers,2002,95,95,https://resizing.flixster.com/-XZAfHZM39UwaGJIFWKAE8fS0ak=/v3/t/assets/p30793_p_v8_am.jpg,https://www.rottentomatoes.com/m/the_lord_of_the_rings_the_two_towers,205,"ratio=1.00, exact-title, exact-year, main-title, has-score",2026-04-08T21:02:09.124Z,2026-04-10T00:05:42.712409+00:00,
2002,The Pianist,the pianist,,The Pianist,matched,The Pianist,pianist,2002,95,96,https://resizing.flixster.com/-XZAfHZM39UwaGJIFWKAE8fS0ak=/v3/t/assets/p30193_p_v12_aa.jpg,https://www.rottentomatoes.com/m/pianist,205,"ratio=1.00, exact-title, exact-year, main-title, has-score",2026-04-09T01:08:55.915Z,2026-04-10T00:05:42.712409+00:00,
2003,Lost in Translation,lost in translation,,Lost in Translation,matched,Lost in Translation,lost_in_translation,2003,95,85,https://resizing.flixster.com/-XZAfHZM39UwaGJIFWKAE8fS0ak=/v3/t/assets/p32966_p_v13_ah.jpg,https://www.rottentomatoes.com/m/lost_in_translation,205,"ratio=1.00, exact-title, exact-year, main-title, has-score",2026-04-09T03:12:11.113Z,2026-04-10T00:05:42.712409+00:00,
2003,Master and Commander: The Far Side of the World,master and commander the far side of the world,,Master and Commander: The Far Side of the World,matched,Master and Commander: The Far Side of the World,master_and_commander_the_far_side_of_the_world,2003,85,80,https://resizing.flixster.com/-XZAfHZM39UwaGJIFWKAE8fS0ak=/v3/t/assets/p31335_p_v8_ab.jpg,https://www.rottentomatoes.com/m/master_and_commander_the_far_side_of_the_world,205,"ratio=1.00, exact-title, exact-year, main-title, has-score",2026-04-09T03:12:10.442Z,2026-04-10T00:05:42.712409+00:00,
2003,Mystic River,mystic river,,Mystic River,matched,Mystic River,mystic_river,2003,89,89,https://resizing.flixster.com/-XZAfHZM39UwaGJIFWKAE8fS0ak=/v3/t/assets/p32186_p_v10_ay.jpg,https://www.rottentomatoes.com/m/mystic_river,205,"ratio=1.00, exact-title, exact-year, main-title, has-score",2026-04-09T03:12:07.158Z,2026-04-10T00:05:42.712409+00:00,
2003,Seabiscuit,seabiscuit,,Seabiscuit,matched,Seabiscuit,seabiscuit,2003,77,76,https://resizing.flixster.com/-XZAfHZM39UwaGJIFWKAE8fS0ak=/v3/t/assets/p32087_p_v13_ag.jpg,https://www.rottentomatoes.com/m/seabiscuit,205,"ratio=1.00, exact-title, exact-year, main-title, has-score",2026-04-09T03:12:07.457Z,2026-04-10T00:05:42.712409+00:00,
2003,The Lord of the Rings: The Return of the King,the lord of the rings the return of the king,,The Lord of the Rings: The Return of the King,matched,The Lord of the Rings: The Return of the King,the_lord_of_the_rings_the_return_of_the_king,2003,94,86,https://resizing.flixster.com/-XZAfHZM39UwaGJIFWKAE8fS0ak=/v3/t/assets/p33156_p_v8_aq.jpg,https://www.rottentomatoes.com/m/the_lord_of_the_rings_the_return_of_the_king,205,"ratio=1.00, exact-title, exact-year, main-title, has-score",2026-04-09T03:12:05.705Z,2026-04-10T00:05:42.712409+00:00,
2004,Finding Neverland,finding neverland,,Finding Neverland,matched,Finding Neverland,finding_neverland,2004,83,87,https://resizing.flixster.com/-XZAfHZM39UwaGJIFWKAE8fS0ak=/v3/t/assets/p34951_p_v10_ae.jpg,https://www.rottentomatoes.com/m/finding_neverland,205,"ratio=1.00, exact-title, exact-year, main-title, has-score",2026-04-08T21:05:40.664Z,2026-04-10T00:05:42.712409+00:00,
2004,Million Dollar Baby,million dollar baby,,Million Dollar Baby,matched,Million Dollar Baby,million_dollar_baby,2004,90,90,https://resizing.flixster.com/-XZAfHZM39UwaGJIFWKAE8fS0ak=/v3/t/assets/p35226_p_v8_ar.jpg,https://www.rottentomatoes.com/m/million_dollar_baby,205,"ratio=1.00, exact-title, exact-year, main-title, has-score",2026-04-08T21:02:46.445Z,2026-04-10T00:05:42.712409+00:00,
2004,Ray,ray,,Ray,matched,Ray,ray,2004,80,87,https://resizing.flixster.com/-XZAfHZM39UwaGJIFWKAE8fS0ak=/v3/t/assets/p35003_p_v8_ae.jpg,https://www.rottentomatoes.com/m/ray,205,"ratio=1.00, exact-title, exact-year, main-title, has-score",2026-04-08T21:03:01.781Z,2026-04-10T00:05:42.712409+00:00,
2004,Sideways,sideways,,Sideways,matched,Sideways,sideways,2004,97,79,https://resizing.flixster.com/-XZAfHZM39UwaGJIFWKAE8fS0ak=/v3/t/assets/p34948_p_v8_an.jpg,https://www.rottentomatoes.com/m/sideways,205,"ratio=1.00, exact-title, exact-year, main-title, has-score",2026-04-08T23:43:30.293Z,2026-04-10T00:05:42.712409+00:00,
2004,The Aviator,the aviator,,The Aviator,matched,The Aviator,aviator,2004,86,79,https://resizing.flixster.com/-XZAfHZM39UwaGJIFWKAE8fS0ak=/v3/t/assets/p35190_p_v8_aj.jpg,https://www.rottentomatoes.com/m/aviator,205,"ratio=1.00, exact-title, exact-year, main-title, has-score",2026-04-09T04:33:11.552Z,2026-04-10T00:05:42.712409+00:00,
2005,Brokeback Mountain,brokeback mountain,,Brokeback Mountain,matched,Brokeback Mountain,brokeback_mountain,2005,88,82,https://resizing.flixster.com/jgvAYJCG2HJh8uNwM1u-yAQ79Ug=/ems.cHJkLWVtcy1hc3NldHMvbW92aWVzL2ZlMGJjZDQ1LWY4YjMtNGQ1My1iZmNmLTk1NzhjNjc2Mzg1ZC5qcGc=,https://www.rottentomatoes.com/m/brokeback_mountain,205,"ratio=1.00, exact-title, exact-year, main-title, has-score",2026-04-09T03:43:38.547Z,2026-04-10T00:05:42.712409+00:00,
2005,Capote,capote,,Capote,matched,Capote,1151898-capote,2005,89,82,https://resizing.flixster.com/-XZAfHZM39UwaGJIFWKAE8fS0ak=/v3/t/assets/p90443_p_v8_aa.jpg,https://www.rottentomatoes.com/m/1151898-capote,205,"ratio=1.00, exact-title, exact-year, main-title, has-score",2026-04-09T18:32:25.423Z,2026-04-10T00:05:42.712409+00:00,
2005,Crash,crash,,Crash,matched,Crash,1144992-crash,2004,73,88,https://resizing.flixster.com/-XZAfHZM39UwaGJIFWKAE8fS0ak=/v3/t/assets/p35710_p_v12_aq.jpg,https://www.rottentomatoes.com/m/1144992-crash,193,"ratio=1.00, exact-title, year-plus-one, main-title, has-score",2026-04-09T06:42:03.950Z,2026-04-10T00:05:42.712409+00:00,
2005,"Good Night, and Good Luck.",good night and good luck,,"Good Night, and Good Luck.",matched,"Good Night, and Good Luck.",1152019-good_night_and_good_luck,2005,93,83,https://resizing.flixster.com/-XZAfHZM39UwaGJIFWKAE8fS0ak=/v3/t/assets/p89817_p_v8_ac.jpg,https://www.rottentomatoes.com/m/1152019-good_night_and_good_luck,205,"ratio=1.00, exact-title, exact-year, main-title, has-score",2026-04-08T21:04:44.354Z,2026-04-10T00:05:42.712409+00:00,
2005,Munich,munich,,Munich,matched,Munich,munich,2005,79,83,https://resizing.flixster.com/-XZAfHZM39UwaGJIFWKAE8fS0ak=/v3/t/assets/p159722_p_v13_aw.jpg,https://www.rottentomatoes.com/m/munich,205,"ratio=1.00, exact-title, exact-year, main-title, has-score",2026-04-08T21:02:59.103Z,2026-04-10T00:05:42.712409+00:00,
2006,Babel,babel,,Babel,matched,Babel,babel,2006,68,77,https://resizing.flixster.com/-XZAfHZM39UwaGJIFWKAE8fS0ak=/v3/t/assets/p161617_p_v10_an.jpg,https://www.rottentomatoes.com/m/babel,205,"ratio=1.00, exact-title, exact-year, main-title, has-score",2026-04-08T21:02:55.781Z,2026-04-10T00:05:42.712409+00:00,
2006,Letters from Iwo Jima,letters from iwo jima,,Letters from Iwo Jima,matched,Letters From Iwo Jima,letters_from_iwo_jima,2006,91,86,https://resizing.flixster.com/-XZAfHZM39UwaGJIFWKAE8fS0ak=/v3/t/assets/p164369_p_v10_aa.jpg,https://www.rottentomatoes.com/m/letters_from_iwo_jima,205,"ratio=1.00, exact-title, exact-year, main-title, has-score",2026-04-09T17:09:36.497Z,2026-04-10T00:05:42.712409+00:00,
2006,Little Miss Sunshine,little miss sunshine,,Little Miss Sunshine,matched,Little Miss Sunshine,little_miss_sunshine,2006,91,91,https://resizing.flixster.com/yGlyKz6aN6j-218YipCnLF8kK3s=/ems.cHJkLWVtcy1hc3NldHMvbW92aWVzL2M1ZjJjN2VkLTcwZjMtNDNmYy1iMzk0LWYzNzdiOGExMzE1OC5qcGc=,https://www.rottentomatoes.com/m/little_miss_sunshine,205,"ratio=1.00, exact-title, exact-year, main-title, has-score",2026-04-08T21:02:03.117Z,2026-04-10T00:05:42.712409+00:00,
2006,The Departed,the departed,,The Departed,matched,The Departed,departed,2006,91,94,https://resizing.flixster.com/-XZAfHZM39UwaGJIFWKAE8fS0ak=/v3/t/assets/p162564_p_v8_ag.jpg,https://www.rottentomatoes.com/m/departed,205,"ratio=1.00, exact-title, exact-year, main-title, has-score",2026-04-09T05:36:04.071Z,2026-04-10T00:05:42.712409+00:00,
2006,The Queen,the queen,,The Queen,matched,The Queen,the_queen,2006,97,76,https://resizing.flixster.com/-XZAfHZM39UwaGJIFWKAE8fS0ak=/v3/t/assets/p162029_p_v8_aj.jpg,https://www.rottentomatoes.com/m/the_queen,205,"ratio=1.00, exact-title, exact-year, main-title, has-score",2026-04-09T14:39:26.210Z,2026-04-10T00:05:42.712409+00:00,
2007,Atonement,atonement,,Atonement,matched,Atonement,atonement,2007,83,80,https://resizing.flixster.com/-XZAfHZM39UwaGJIFWKAE8fS0ak=/v3/t/assets/p167496_p_v11_am.jpg,https://www.rottentomatoes.com/m/atonement,205,"ratio=1.00, exact-title, exact-year, main-title, has-score",2026-04-09T01:46:47.016Z,2026-04-10T00:05:42.712409+00:00,
2007,Juno,juno,,Juno,matched,Juno,juno,2007,93,88,https://resizing.flixster.com/-XZAfHZM39UwaGJIFWKAE8fS0ak=/v3/t/assets/p172418_p_v10_an.jpg,https://www.rottentomatoes.com/m/juno,205,"ratio=1.00, exact-title, exact-year, main-title, has-score",2026-04-09T07:11:46.799Z,2026-04-10T00:05:42.712409+00:00,
2007,Michael Clayton,michael clayton,,Michael Clayton,matched,Michael Clayton,michael_clayton,2007,90,69,https://resizing.flixster.com/-XZAfHZM39UwaGJIFWKAE8fS0ak=/v3/t/assets/p166244_p_v13_ag.jpg,https://www.rottentomatoes.com/m/michael_clayton,205,"ratio=1.00, exact-title, exact-year, main-title, has-score",2026-04-09T01:26:39.610Z,2026-04-10T00:05:42.712409+00:00,
2007,No Country for Old Men,no country for old men,,No Country for Old Men,matched,No Country for Old Men,no_country_for_old_men,2007,93,86,https://resizing.flixster.com/-XZAfHZM39UwaGJIFWKAE8fS0ak=/v3/t/assets/p170313_p_v10_as.jpg,https://www.rottentomatoes.com/m/no_country_for_old_men,205,"ratio=1.00, exact-title, exact-year, main-title, has-score",2026-04-09T01:09:58.519Z,2026-04-10T00:05:42.712409+00:00,
2007,There Will Be Blood,there will be blood,,There Will Be Blood,matched,There Will Be Blood,there_will_be_blood,2007,91,86,https://resizing.flixster.com/-XZAfHZM39UwaGJIFWKAE8fS0ak=/v3/t/assets/p171565_p_v8_aa.jpg,https://www.rottentomatoes.com/m/there_will_be_blood,205,"ratio=1.00, exact-title, exact-year, main-title, has-score",2026-04-09T17:07:46.618Z,2026-04-10T00:05:42.712409+00:00,
2008,Frost/Nixon,frost nixon,,Frost/Nixon,matched,Frost/Nixon,frostnixon,2008,93,88,https://resizing.flixster.com/M1kUcMqjiT7DiYLOJ0lTMiy0mug=/ems.cHJkLWVtcy1hc3NldHMvbW92aWVzLzZmYzgzOWY1LWZkNGMtNDgzOS04ZmNkLTk4YTIwMmJhZTVmYi5qcGc=,https://www.rottentomatoes.com/m/frostnixon,205,"ratio=1.00, exact-title, exact-year, main-title, has-score",2026-04-08T21:05:53.092Z,2026-04-10T00:05:42.712409+00:00,
2008,Milk,milk,,Milk,matched,Milk,milk,2008,93,89,https://resizing.flixster.com/-XZAfHZM39UwaGJIFWKAE8fS0ak=/v3/t/assets/p181230_p_v12_ax.jpg,https://www.rottentomatoes.com/m/milk,205,"ratio=1.00, exact-title, exact-year, main-title, has-score",2026-04-08T21:04:44.529Z,2026-04-10T00:05:42.712409+00:00,
2008,Slumdog Millionaire,slumdog millionaire,,Slumdog Millionaire,matched,Slumdog Millionaire,slumdog_millionaire,2008,92,90,https://resizing.flixster.com/-XZAfHZM39UwaGJIFWKAE8fS0ak=/v3/t/assets/p179969_p_v10_ae.jpg,https://www.rottentomatoes.com/m/slumdog_millionaire,205,"ratio=1.00, exact-title, exact-year, main-title, has-score",2026-04-08T21:02:39.635Z,2026-04-10T00:05:42.712409+00:00,
2008,The Curious Case of Benjamin Button,the curious case of benjamin button,,The Curious Case of Benjamin Button,matched,The Curious Case of Benjamin Button,curious_case_of_benjamin_button,2008,72,80,https://resizing.flixster.com/-XZAfHZM39UwaGJIFWKAE8fS0ak=/v3/t/assets/p170920_p_v8_am.jpg,https://www.rottentomatoes.com/m/curious_case_of_benjamin_button,205,"ratio=1.00, exact-title, exact-year, main-title, has-score",2026-04-09T22:25:11.937Z,2026-04-10T00:05:42.712409+00:00,
2008,The Reader,the reader,,The Reader,matched,The Reader,reader,2008,63,79,https://resizing.flixster.com/-XZAfHZM39UwaGJIFWKAE8fS0ak=/v3/t/assets/p188151_p_v10_ak.jpg,https://www.rottentomatoes.com/m/reader,205,"ratio=1.00, exact-title, exact-year, main-title, has-score",2026-04-08T21:03:04.523Z,2026-04-10T00:05:42.712409+00:00,
2009,A Serious Man,a serious man,,A Serious Man,matched,A Serious Man,a_serious_man,2009,89,68,https://resizing.flixster.com/-XZAfHZM39UwaGJIFWKAE8fS0ak=/v3/t/assets/p3531873_p_v8_as.jpg,https://www.rottentomatoes.com/m/a_serious_man,205,"ratio=1.00, exact-title, exact-year, main-title, has-score",2026-04-08T21:04:32.243Z,2026-04-10T00:05:42.712409+00:00,
2009,An Education,an education,,An Education,matched,An Education,an_education,2009,94,80,https://resizing.flixster.com/-XZAfHZM39UwaGJIFWKAE8fS0ak=/v3/t/assets/p194062_p_v8_at.jpg,https://www.rottentomatoes.com/m/an_education,205,"ratio=1.00, exact-title, exact-year, main-title, has-score",2026-04-09T19:51:23.903Z,2026-04-10T00:05:42.712409+00:00,
2009,Avatar,avatar,,Avatar,matched,Avatar,avatar,2009,81,82,https://resizing.flixster.com/f0bXqQUdQ0m6fyqZjI1OXSEia9E=/ems.cHJkLWVtcy1hc3NldHMvbW92aWVzLzEzYmY3ZmZiLWMzYjEtNDQxMy05NTAxLTc2YTRlNmE3NWY2MC5qcGc=,https://www.rottentomatoes.com/m/avatar,205,"ratio=1.00, exact-title, exact-year, main-title, has-score",2026-04-09T02:11:14.876Z,2026-04-10T00:05:42.712409+00:00,
2009,District 9,district 9,,District 9,matched,District 9,district_9,2009,90,82,https://resizing.flixster.com/-XZAfHZM39UwaGJIFWKAE8fS0ak=/v3/t/assets/p177953_p_v8_ae.jpg,https://www.rottentomatoes.com/m/district_9,205,"ratio=1.00, exact-title, exact-year, main-title, has-score",2026-04-09T20:35:36.006Z,2026-04-10T00:05:42.712409+00:00,
2009,Inglourious Basterds,inglourious basterds,,Inglourious Basterds,matched,Inglourious Basterds,inglourious_basterds,2009,89,88,https://resizing.flixster.com/DLemRBRXqF0CvvXioxFCWBG2suo=/ems.cHJkLWVtcy1hc3NldHMvbW92aWVzLzZkYWFiY2VjLTM2ODAtNGU2Yy05NDM2LTk3MGVlYjFlZjc1Yi53ZWJw,https://www.rottentomatoes.com/m/inglourious_basterds,205,"ratio=1.00, exact-title, exact-year, main-title, has-score",2026-04-09T01:22:43.043Z,2026-04-10T00:05:42.712409+00:00,
2009,Precious: Based on the Novel 'Push' by Sapphire,precious based on the novel push by sapphire,,Precious: Based on the Novel 'Push' by Sapphire,matched,"Precious: Based on the Novel ""Push"" by Sapphire",precious,2009,92,77,https://resizing.flixster.com/-XZAfHZM39UwaGJIFWKAE8fS0ak=/v3/t/assets/p195165_p_v10_ae.jpg,https://www.rottentomatoes.com/m/precious,205,"ratio=1.00, exact-title, exact-year, main-title, has-score",2026-04-09T02:08:21.846Z,2026-04-10T00:05:42.712409+00:00,
2009,The Blind Side,the blind side,,The Blind Side,matched,The Blind Side,1212694-blind_side,2009,66,85,https://resizing.flixster.com/p5W6G-TGOMIivxUYWi9xa_z1wI0=/ems.cHJkLWVtcy1hc3NldHMvbW92aWVzLzlhMWUwOWI5LWI4ZTAtNGFhYS1hNzYzLWI2M2Q5Y2U1ODk4YS5qcGc=,https://www.rottentomatoes.com/m/1212694-blind_side,205,"ratio=1.00, exact-title, exact-year, main-title, has-score",2026-04-09T16:57:12.074Z,2026-04-10T00:05:42.712409+00:00,
2009,The Hurt Locker,the hurt locker,,The Hurt Locker,matched,The Hurt Locker,the_hurt_locker,2008,96,84,https://resizing.flixster.com/-XZAfHZM39UwaGJIFWKAE8fS0ak=/v3/t/assets/p197175_p_v10_aa.jpg,https://www.rottentomatoes.com/m/the_hurt_locker,193,"ratio=1.00, exact-title, year-plus-one, main-title, has-score",2026-04-08T21:02:26.429Z,2026-04-10T00:05:42.712409+00:00,
2009,Up,up,,Up,matched,Up,up,2009,98,90,https://resizing.flixster.com/-XZAfHZM39UwaGJIFWKAE8fS0ak=/v3/t/assets/p190662_p_v12_ay.jpg,https://www.rottentomatoes.com/m/up,205,"ratio=1.00, exact-title, exact-year, main-title, has-score",2026-04-09T01:18:45.011Z,2026-04-10T00:05:42.712409+00:00,
2009,Up in the Air,up in the air,,Up in the Air,matched,Up in the Air,up_in_the_air_2009,2009,90,79,https://resizing.flixster.com/-XZAfHZM39UwaGJIFWKAE8fS0ak=/v3/t/assets/p3600392_p_v8_av.jpg,https://www.rottentomatoes.com/m/up_in_the_air_2009,205,"ratio=1.00, exact-title, exact-year, main-title, has-score",2026-04-08T21:02:59.164Z,2026-04-10T00:05:42.712409+00:00,
2010,127 Hours,127 hours,,127 Hours,matched,127 Hours,127_hours,2010,93,85,https://resizing.flixster.com/-XZAfHZM39UwaGJIFWKAE8fS0ak=/v3/t/assets/p8236871_p_v10_ba.jpg,https://www.rottentomatoes.com/m/127_hours,205,"ratio=1.00, exact-title, exact-year, main-title, has-score",2026-04-09T21:53:47.753Z,2026-04-10T00:05:42.712409+00:00,
2010,Black Swan,black swan,,Black Swan,matched,Black Swan,black_swan_2010,2010,85,84,https://resizing.flixster.com/reW7yr9NqiOyj8njHA-L6MWiTuY=/ems.cHJkLWVtcy1hc3NldHMvbW92aWVzLzUxMDk1OGJmLWU0ZjEtNGMwYS1iODMzLWY0YjAxOGI3NzA1Ni5qcGc=,https://www.rottentomatoes.com/m/black_swan_2010,205,"ratio=1.00, exact-title, exact-year, main-title, has-score",2026-04-09T15:44:55.080Z,2026-04-10T00:05:42.712409+00:00,
2010,Inception,inception,,Inception,matched,Inception,inception,2010,87,91,https://resizing.flixster.com/-XZAfHZM39UwaGJIFWKAE8fS0ak=/v3/t/assets/p7825626_p_v10_ae.jpg,https://www.rottentomatoes.com/m/inception,205,"ratio=1.00, exact-title, exact-year, main-title, has-score",2026-04-09T01:46:13.253Z,2026-04-10T00:05:42.712409+00:00,
2010,The Fighter,the fighter,,The Fighter,matched,The Fighter,the_fighter_2011,2010,91,89,https://resizing.flixster.com/FQZs2ADoIKn9nM1CO4zpOqds_-A=/ems.cHJkLWVtcy1hc3NldHMvbW92aWVzL2RiNGI1ZmE5LTdmM2QtNGY4ZC04MjA5LTAzYTU5NmNjNDFlZi5qcGc=,https://www.rottentomatoes.com/m/the_fighter_2011,205,"ratio=1.00, exact-title, exact-year, main-title, has-score",2026-04-09T06:50:15.861Z,2026-04-10T00:05:42.712409+00:00,
2010,The Kids Are All Right,the kids are all right,,The Kids Are All Right,matched,The Kids Are All Right,10012141-kids_are_all_right,2010,93,74,https://resizing.flixster.com/-XZAfHZM39UwaGJIFWKAE8fS0ak=/v3/t/assets/p8020470_p_v8_ar.jpg,https://www.rottentomatoes.com/m/10012141-kids_are_all_right,205,"ratio=1.00, exact-title, exact-year, main-title, has-score",2026-04-09T11:51:49.961Z,2026-04-10T00:05:42.712409+00:00,
2010,The King's Speech,the king s speech,,The King's Speech,matched,The King's Speech,the_kings_speech,2010,94,92,https://resizing.flixster.com/-XZAfHZM39UwaGJIFWKAE8fS0ak=/v3/t/assets/p8073374_p_v10_ad.jpg,https://www.rottentomatoes.com/m/the_kings_speech,205,"ratio=1.00, exact-title, exact-year, main-title, has-score",2026-04-09T02:15:14.332Z,2026-04-10T00:05:42.712409+00:00,
2010,The Social Network,the social network,,The Social Network,matched,The Social Network,the-social-network,2010,96,87,https://resizing.flixster.com/SmUywWzlQcOaUEdbnh6F88PrlxE=/ems.cHJkLWVtcy1hc3NldHMvbW92aWVzLzRmNjEyZjdmLWM1ZDktNDFjNS1hYWIyLWU1ZjhmOTU2ODk0ZS5qcGc=,https://www.rottentomatoes.com/m/the-social-network,205,"ratio=1.00, exact-title, exact-year, main-title, has-score",2026-04-09T01:12:31.457Z,2026-04-10T00:05:42.712409+00:00,
2010,Toy Story 3,toy story 3,,Toy Story 3,matched,Toy Story 3,toy_story_3,2010,98,90,https://resizing.flixster.com/F4qdcvTFMYoEmut3WmhBVmYeSVI=/ems.cHJkLWVtcy1hc3NldHMvbW92aWVzLzlhZDg3ZjU1LTk3ZTAtNDMzMC04MzliLTNiMzE5YmQ3ZDQ4OC53ZWJw,https://www.rottentomatoes.com/m/toy_story_3,205,"ratio=1.00, exact-title, exact-year, main-title, has-score",2026-04-09T19:08:22.277Z,2026-04-10T00:05:42.712409+00:00,
2010,True Grit,true grit,,True Grit,matched,True Grit,true_grit_2010,2010,95,85,https://resizing.flixster.com/-XZAfHZM39UwaGJIFWKAE8fS0ak=/v3/t/assets/p8160526_p_v8_ae.jpg,https://www.rottentomatoes.com/m/true_grit_2010,205,"ratio=1.00, exact-title, exact-year, main-title, has-score",2026-04-09T00:37:20.009Z,2026-04-10T00:05:42.712409+00:00,
2010,Winter's Bone,winter s bone,,Winter's Bone,matched,Winter's Bone,10012136-winters_bone,2010,94,76,https://resizing.flixster.com/-XZAfHZM39UwaGJIFWKAE8fS0ak=/v3/t/assets/p8034490_p_v12_aa.jpg,https://www.rottentomatoes.com/m/10012136-winters_bone,205,"ratio=1.00, exact-title, exact-year, main-title, has-score",2026-04-08T21:03:01.101Z,2026-04-10T00:05:42.712409+00:00,
2011,Extremely Loud & Incredibly Close,extremely loud and incredibly close,,Extremely Loud & Incredibly Close,matched,Extremely Loud & Incredibly Close,extremely_loud_and_incredibly_close,2011,45,61,https://resizing.flixster.com/-XZAfHZM39UwaGJIFWKAE8fS0ak=/v3/t/assets/p8743169_p_v8_an.jpg,https://www.rottentomatoes.com/m/extremely_loud_and_incredibly_close,205,"ratio=1.00, exact-title, exact-year, main-title, has-score",2026-04-09T02:08:09.884Z,2026-04-10T00:05:42.712409+00:00,
2011,Hugo,hugo,,Hugo,matched,Hugo,hugo,2011,93,78,https://resizing.flixster.com/-XZAfHZM39UwaGJIFWKAE8fS0ak=/v3/t/assets/p8403456_p_v10_aq.jpg,https://www.rottentomatoes.com/m/hugo,205,"ratio=1.00, exact-title, exact-year, main-title, has-score",2026-04-09T05:04:00.748Z,2026-04-10T00:05:42.712409+00:00,
2011,Midnight in Paris,midnight in paris,,Midnight in Paris,matched,Midnight in Paris,midnight_in_paris,2011,93,83,https://resizing.flixster.com/-XZAfHZM39UwaGJIFWKAE8fS0ak=/v3/t/assets/p8526590_p_v10_aa.jpg,https://www.rottentomatoes.com/m/midnight_in_paris,205,"ratio=1.00, exact-title, exact-year, main-title, has-score",2026-04-09T01:06:35.056Z,2026-04-10T00:05:42.712409+00:00,
2011,Moneyball,moneyball,,Moneyball,matched,Moneyball,moneyball,2011,94,86,https://resizing.flixster.com/-XZAfHZM39UwaGJIFWKAE8fS0ak=/v3/t/assets/p8417791_p_v10_ag.jpg,https://www.rottentomatoes.com/m/moneyball,205,"ratio=1.00, exact-title, exact-year, main-title, has-score",2026-04-09T02:09:58.260Z,2026-04-10T00:05:42.712409+00:00,
2011,The Artist,the artist,,The Artist,matched,The Artist,the_artist,2011,95,87,https://resizing.flixster.com/-XZAfHZM39UwaGJIFWKAE8fS0ak=/v3/t/assets/p8725913_p_v8_aa.jpg,https://www.rottentomatoes.com/m/the_artist,205,"ratio=1.00, exact-title, exact-year, main-title, has-score",2026-04-09T02:06:23.074Z,2026-04-10T00:05:42.712409+00:00,
2011,The Descendants,the descendants,,The Descendants,matched,The Descendants,the_descendants_2011,2011,88,79,https://resizing.flixster.com/-XZAfHZM39UwaGJIFWKAE8fS0ak=/v3/t/assets/p8701268_p_v12_aj.jpg,https://www.rottentomatoes.com/m/the_descendants_2011,205,"ratio=1.00, exact-title, exact-year, main-title, has-score",2026-04-09T01:57:34.041Z,2026-04-10T00:05:42.712409+00:00,
2011,The Help,the help,,The Help,matched,The Help,the_help,2011,75,89,https://resizing.flixster.com/-XZAfHZM39UwaGJIFWKAE8fS0ak=/v3/t/assets/p8554431_p_v8_av.jpg,https://www.rottentomatoes.com/m/the_help,205,"ratio=1.00, exact-title, exact-year, main-title, has-score",2026-04-09T01:14:38.059Z,2026-04-10T00:05:42.712409+00:00,
2011,The Tree of Life,the tree of life,,The Tree of Life,matched,The Tree of Life,the_tree_of_life,2011,86,60,https://resizing.flixster.com/-XZAfHZM39UwaGJIFWKAE8fS0ak=/v3/t/assets/p7815546_p_v13_bc.jpg,https://www.rottentomatoes.com/m/the_tree_of_life,205,"ratio=1.00, exact-title, exact-year, main-title, has-score",2026-04-09T20:30:14.628Z,2026-04-10T00:05:42.712409+00:00,
2011,War Horse,war horse,,War Horse,matched,War Horse,war_horse,2011,74,74,https://resizing.flixster.com/-XZAfHZM39UwaGJIFWKAE8fS0ak=/v3/t/assets/p8618532_p_v8_ae.jpg,https://www.rottentomatoes.com/m/war_horse,205,"ratio=1.00, exact-title, exact-year, main-title, has-score",2026-04-08T21:04:12.583Z,2026-04-10T00:05:42.712409+00:00,
2012,Amour,amour,,Amour,matched,Amour,amour_2013,2012,93,82,https://resizing.flixster.com/-XZAfHZM39UwaGJIFWKAE8fS0ak=/v3/t/assets/p9286157_p_v10_aj.jpg,https://www.rottentomatoes.com/m/amour_2013,205,"ratio=1.00, exact-title, exact-year, main-title, has-score",2026-04-08T21:05:55.388Z,2026-04-10T00:05:42.712409+00:00,
2012,Argo,argo,,Argo,matched,Argo,argo_2012,2012,96,90,https://resizing.flixster.com/-XZAfHZM39UwaGJIFWKAE8fS0ak=/v3/t/assets/p9128357_p_v10_an.jpg,https://www.rottentomatoes.com/m/argo_2012,205,"ratio=1.00, exact-title, exact-year, main-title, has-score",2026-04-09T01:03:19.391Z,2026-04-10T00:05:42.712409+00:00,
2012,Beasts of the Southern Wild,beasts of the southern wild,,Beasts of the Southern Wild,matched,Beasts of the Southern Wild,beasts_of_the_southern_wild,2012,87,76,https://resizing.flixster.com/-XZAfHZM39UwaGJIFWKAE8fS0ak=/v3/t/assets/p9026955_p_v8_ap.jpg,https://www.rottentomatoes.com/m/beasts_of_the_southern_wild,205,"ratio=1.00, exact-title, exact-year, main-title, has-score",2026-04-08T21:06:28.860Z,2026-04-10T00:05:42.712409+00:00,
2012,Django Unchained,django unchained,,Django Unchained,matched,Django Unchained,django_unchained_2012,2012,87,92,https://resizing.flixster.com/-XZAfHZM39UwaGJIFWKAE8fS0ak=/v3/t/assets/p9287010_p_v12_at.jpg,https://www.rottentomatoes.com/m/django_unchained_2012,205,"ratio=1.00, exact-title, exact-year, main-title, has-score",2026-04-09T01:37:18.538Z,2026-04-10T00:05:42.712409+00:00,
2012,Les Misérables,les miserables,,Les Misérables,matched,Les Misérables,les_miserables_2012,2012,70,79,https://resizing.flixster.com/1zLOrsw_MLsSBZqw8mpjTbdpUQE=/ems.cHJkLWVtcy1hc3NldHMvbW92aWVzLzY5MDI2ZTQ5LTU2NDItNDBiZC04OTJiLWRkYTdkOWIyN2VmNC5qcGc=,https://www.rottentomatoes.com/m/les_miserables_2012,205,"ratio=1.00, exact-title, exact-year, main-title, has-score",2026-04-08T21:02:26.165Z,2026-04-10T00:05:42.712409+00:00,
2012,Life of Pi,life of pi,,Life of Pi,matched,Life of Pi,life-of-pi,2012,86,84,https://resizing.flixster.com/-XZAfHZM39UwaGJIFWKAE8fS0ak=/v3/t/assets/p9227710_p_v10_ai.jpg,https://www.rottentomatoes.com/m/life-of-pi,205,"ratio=1.00, exact-title, exact-year, main-title, has-score",2026-04-08T21:02:22.391Z,2026-04-10T00:05:42.712409+00:00,
2012,Lincoln,lincoln,,Lincoln,matched,Lincoln,lincoln_2011,2012,89,80,https://resizing.flixster.com/l3Wo9iTyQ0Z4F9TJBRZSBRe7ZEU=/ems.cHJkLWVtcy1hc3NldHMvbW92aWVzLzMwMDkyOGZjLTE2ZDAtNGM4My05YjQwLTI1NDc3NmFjOGRlMC5qcGc=,https://www.rottentomatoes.com/m/lincoln_2011,205,"ratio=1.00, exact-title, exact-year, main-title, has-score",2026-04-09T01:31:14.572Z,2026-04-10T00:05:42.712409+00:00,
2012,Silver Linings Playbook,silver linings playbook,,Silver Linings Playbook,matched,Silver Linings Playbook,silver_linings_playbook,2012,92,86,https://resizing.flixster.com/-XZAfHZM39UwaGJIFWKAE8fS0ak=/v3/t/NowShowing/118336/118336_aa.jpg,https://www.rottentomatoes.com/m/silver_linings_playbook,205,"ratio=1.00, exact-title, exact-year, main-title, has-score",2026-04-09T01:55:18.993Z,2026-04-10T00:05:42.712409+00:00,
2012,Zero Dark Thirty,zero dark thirty,,Zero Dark Thirty,matched,Zero Dark Thirty,zero_dark_thirty,2012,91,80,https://resizing.flixster.com/-XZAfHZM39UwaGJIFWKAE8fS0ak=/v3/t/assets/p9400738_p_v8_az.jpg,https://www.rottentomatoes.com/m/zero_dark_thirty,205,"ratio=1.00, exact-title, exact-year, main-title, has-score",2026-04-09T01:26:35.122Z,2026-04-10T00:05:42.712409+00:00,
2013,12 Years a Slave,12 years a slave,,12 Years a Slave,matched,12 Years a Slave,12_years_a_slave,2013,95,90,https://resizing.flixster.com/-XZAfHZM39UwaGJIFWKAE8fS0ak=/v3/t/assets/p10029562_p_v10_ac.jpg,https://www.rottentomatoes.com/m/12_years_a_slave,205,"ratio=1.00, exact-title, exact-year, main-title, has-score",2026-04-08T21:02:22.965Z,2026-04-10T00:05:42.712409+00:00,
2013,American Hustle,american hustle,,American Hustle,matched,American Hustle,american_hustle,2013,92,74,https://resizing.flixster.com/-XZAfHZM39UwaGJIFWKAE8fS0ak=/v3/t/assets/p10016553_p_v10_al.jpg,https://www.rottentomatoes.com/m/american_hustle,205,"ratio=1.00, exact-title, exact-year, main-title, has-score",2026-04-08T21:02:05.046Z,2026-04-10T00:05:42.712409+00:00,
2013,Captain Phillips,captain phillips,,Captain Phillips,matched,Captain Phillips,captain_phillips,2013,93,89,https://resizing.flixster.com/-XZAfHZM39UwaGJIFWKAE8fS0ak=/v3/t/assets/p9968629_p_v8_au.jpg,https://www.rottentomatoes.com/m/captain_phillips,205,"ratio=1.00, exact-title, exact-year, main-title, has-score",2026-04-09T01:55:05.881Z,2026-04-10T00:05:42.712409+00:00,
2013,Dallas Buyers Club,dallas buyers club,,Dallas Buyers Club,matched,Dallas Buyers Club,dallas_buyers_club,2013,92,91,https://resizing.flixster.com/72_81psbYL7_h-NdYzz7P8nSYxg=/ems.cHJkLWVtcy1hc3NldHMvbW92aWVzL2QxYWM4N2M4LTc1MDUtNGIyMi05MWI2LWNhMWNjYWQ4MzAzNS5qcGc=,https://www.rottentomatoes.com/m/dallas_buyers_club,205,"ratio=1.00, exact-title, exact-year, main-title, has-score",2026-04-09T02:31:06.220Z,2026-04-10T00:05:42.712409+00:00,
2013,Gravity,gravity,,Gravity,matched,Gravity,gravity_2013,2013,96,79,https://resizing.flixster.com/-XZAfHZM39UwaGJIFWKAE8fS0ak=/v3/t/assets/p9248657_p_v8_ak.jpg,https://www.rottentomatoes.com/m/gravity_2013,205,"ratio=1.00, exact-title, exact-year, main-title, has-score",2026-04-09T01:26:09.392Z,2026-04-10T00:05:42.712409+00:00,
2013,Her,her,,Her,matched,Her,her,2013,95,82,https://resizing.flixster.com/-XZAfHZM39UwaGJIFWKAE8fS0ak=/v3/t/assets/p9991186_p_v10_ag.jpg,https://www.rottentomatoes.com/m/her,205,"ratio=1.00, exact-title, exact-year, main-title, has-score",2026-04-09T06:50:48.898Z,2026-04-10T00:05:42.712409+00:00,
2013,Nebraska,nebraska,,Nebraska,matched,Nebraska,nebraska,2013,90,83,https://resizing.flixster.com/-XZAfHZM39UwaGJIFWKAE8fS0ak=/v3/t/assets/p9991634_p_v12_ac.jpg,https://www.rottentomatoes.com/m/nebraska,205,"ratio=1.00, exact-title, exact-year, main-title, has-score",2026-04-08T21:04:40.618Z,2026-04-10T00:05:42.712409+00:00,
2013,Philomena,philomena,,Philomena,matched,Philomena,philomena,2013,91,89,https://resizing.flixster.com/-XZAfHZM39UwaGJIFWKAE8fS0ak=/v3/t/assets/p10197066_p_v13_ap.jpg,https://www.rottentomatoes.com/m/philomena,205,"ratio=1.00, exact-title, exact-year, main-title, has-score",2026-04-09T09:43:59.611Z,2026-04-10T00:05:42.712409+00:00,
2013,The Wolf of Wall Street,the wolf of wall street,,The Wolf of Wall Street,matched,The Wolf of Wall Street,the_wolf_of_wall_street_2013,2013,79,83,https://resizing.flixster.com/-XZAfHZM39UwaGJIFWKAE8fS0ak=/v3/t/assets/p9991602_p_v12_aj.jpg,https://www.rottentomatoes.com/m/the_wolf_of_wall_street_2013,205,"ratio=1.00, exact-title, exact-year, main-title, has-score",2026-04-09T01:03:31.381Z,2026-04-10T00:05:42.712409+00:00,
2014,American Sniper,american sniper,,American Sniper,matched,American Sniper,american_sniper,2014,71,84,https://resizing.flixster.com/-XZAfHZM39UwaGJIFWKAE8fS0ak=/v3/t/assets/p10991238_p_v8_ay.jpg,https://www.rottentomatoes.com/m/american_sniper,205,"ratio=1.00, exact-title, exact-year, main-title, has-score",2026-04-08T21:02:25.270Z,2026-04-10T00:05:42.712409+00:00,
2014,Birdman or (The Unexpected Virtue of Ignorance),birdman or the unexpected virtue of ignorance,,Birdman or (The Unexpected Virtue of Ignorance),matched,Birdman or (The Unexpected Virtue of Ignorance),birdman_2014,2014,91,78,https://resizing.flixster.com/-XZAfHZM39UwaGJIFWKAE8fS0ak=/v3/t/assets/p10726435_p_v8_am.jpg,https://www.rottentomatoes.com/m/birdman_2014,205,"ratio=1.00, exact-title, exact-year, main-title, has-score",2026-04-09T12:05:39.867Z,2026-04-10T00:05:42.712409+00:00,
2014,Boyhood,boyhood,,Boyhood,matched,Boyhood,boyhood,2014,97,80,https://resizing.flixster.com/-XZAfHZM39UwaGJIFWKAE8fS0ak=/v3/t/assets/p10673530_p_v8_aa.jpg,https://www.rottentomatoes.com/m/boyhood,205,"ratio=1.00, exact-title, exact-year, main-title, has-score",2026-04-08T21:02:22.001Z,2026-04-10T00:05:42.712409+00:00,
2014,Selma,selma,,Selma,matched,Selma,selma,2014,99,86,https://resizing.flixster.com/Lk4Rbo-fk3X7QMms30fcwVyFAFg=/ems.cHJkLWVtcy1hc3NldHMvbW92aWVzL2I4YWYyNTM4LTlkZTAtNDA0NS05OTRhLWFmYWNlZGQ1Y2RiYS53ZWJw,https://www.rottentomatoes.com/m/selma,205,"ratio=1.00, exact-title, exact-year, main-title, has-score",2026-04-09T02:57:55.697Z,2026-04-10T00:05:42.712409+00:00,
2014,The Grand Budapest Hotel,the grand budapest hotel,,The Grand Budapest Hotel,matched,The Grand Budapest Hotel,the_grand_budapest_hotel,2014,92,87,https://resizing.flixster.com/-XZAfHZM39UwaGJIFWKAE8fS0ak=/v3/t/assets/p10295153_p_v8_at.jpg,https://www.rottentomatoes.com/m/the_grand_budapest_hotel,205,"ratio=1.00, exact-title, exact-year, main-title, has-score",2026-04-09T01:34:46.122Z,2026-04-10T00:05:42.712409+00:00,
2014,The Imitation Game,the imitation game,,The Imitation Game,matched,The Imitation Game,the_imitation_game,2014,90,91,https://resizing.flixster.com/-XZAfHZM39UwaGJIFWKAE8fS0ak=/v3/t/assets/p10771057_p_v12_av.jpg,https://www.rottentomatoes.com/m/the_imitation_game,205,"ratio=1.00, exact-title, exact-year, main-title, has-score",2026-04-09T02:12:17.410Z,2026-04-10T00:05:42.712409+00:00,
2014,The Theory of Everything,the theory of everything,,The Theory of Everything,matched,The Theory of Everything,the_theory_of_everything_2014,2014,81,84,https://resizing.flixster.com/-XZAfHZM39UwaGJIFWKAE8fS0ak=/v3/t/assets/p10704182_p_v10_ae.jpg,https://www.rottentomatoes.com/m/the_theory_of_everything_2014,205,"ratio=1.00, exact-title, exact-year, main-title, has-score",2026-04-09T03:49:38.642Z,2026-04-10T00:05:42.712409+00:00,
2014,Whiplash,whiplash,,Whiplash,matched,Whiplash,whiplash_2014,2014,94,94,https://resizing.flixster.com/-XZAfHZM39UwaGJIFWKAE8fS0ak=/v3/t/assets/p10488558_p_v12_ai.jpg,https://www.rottentomatoes.com/m/whiplash_2014,205,"ratio=1.00, exact-title, exact-year, main-title, has-score",2026-04-09T04:57:00.009Z,2026-04-10T00:05:42.712409+00:00,
2015,Bridge of Spies,bridge of spies,10.0,Bridge of Spies,matched,Bridge of Spies,bridge_of_spies,2015,91,87,https://resizing.flixster.com/-XZAfHZM39UwaGJIFWKAE8fS0ak=/v3/t/assets/p11819886_p_v13_ap.jpg,https://www.rottentomatoes.com/m/bridge_of_spies,205,"ratio=1.00, exact-title, exact-year, main-title, has-score",2026-04-09T07:52:13.044Z,2026-04-10T00:05:42.712409+00:00,
2015,Brooklyn,brooklyn,11.0,Brooklyn,matched,Brooklyn,brooklyn,2015,97,87,https://resizing.flixster.com/-XZAfHZM39UwaGJIFWKAE8fS0ak=/v3/t/assets/p11436766_p_v8_ak.jpg,https://www.rottentomatoes.com/m/brooklyn,205,"ratio=1.00, exact-title, exact-year, main-title, has-score",2026-04-08T21:02:23.532Z,2026-04-10T00:05:42.712409+00:00,
2015,Mad Max: Fury Road,mad max fury road,5.0,Mad Max: Fury Road,matched,Mad Max: Fury Road,mad_max_fury_road,2015,97,86,https://resizing.flixster.com/-XZAfHZM39UwaGJIFWKAE8fS0ak=/v3/t/assets/p10854488_p_v8_ac.jpg,https://www.rottentomatoes.com/m/mad_max_fury_road,205,"ratio=1.00, exact-title, exact-year, main-title, has-score",2026-04-09T08:26:15.619Z,2026-04-10T00:05:42.712409+00:00,
2015,Room,room,10.0,Room,matched,Room,room_2015,2015,93,93,https://resizing.flixster.com/-XZAfHZM39UwaGJIFWKAE8fS0ak=/v3/t/assets/p12008673_p_v8_ad.jpg,https://www.rottentomatoes.com/m/room_2015,205,"ratio=1.00, exact-title, exact-year, main-title, has-score",2026-04-09T01:09:56.352Z,2026-04-10T00:05:42.712409+00:00,
2015,Spotlight,spotlight,11.0,Spotlight,matched,Spotlight,spotlight_2015,2015,97,93,https://resizing.flixster.com/-XZAfHZM39UwaGJIFWKAE8fS0ak=/v3/t/assets/p11897076_p_v7_an.jpg,https://www.rottentomatoes.com/m/spotlight_2015,205,"ratio=1.00, exact-title, exact-year, main-title, has-score",2026-04-09T01:59:53.486Z,2026-04-10T00:05:42.712409+00:00,
2015,The Big Short,the big short,12.0,The Big Short,matched,The Big Short,the_big_short,2015,89,88,https://resizing.flixster.com/-XZAfHZM39UwaGJIFWKAE8fS0ak=/v3/t/assets/p12157971_p_v13_al.jpg,https://www.rottentomatoes.com/m/the_big_short,205,"ratio=1.00, exact-title, exact-year, main-title, has-score",2026-04-08T21:02:03.684Z,2026-04-10T00:05:42.712409+00:00,
2015,The Martian,the martian,10.0,The Martian,matched,The Martian,the_martian,2015,91,91,https://resizing.flixster.com/-XZAfHZM39UwaGJIFWKAE8fS0ak=/v3/t/assets/p10980706_p_v13_ar.jpg,https://www.rottentomatoes.com/m/the_martian,205,"ratio=1.00, exact-title, exact-year, main-title, has-score",2026-04-09T02:11:19.926Z,2026-04-10T00:05:42.712409+00:00,
2015,The Revenant,the revenant,12.0,The Revenant,matched,The Revenant,the_revenant_2015,2015,78,84,https://resizing.flixster.com/-XZAfHZM39UwaGJIFWKAE8fS0ak=/v3/t/assets/p11598208_p_v13_bh.jpg,https://www.rottentomatoes.com/m/the_revenant_2015,205,"ratio=1.00, exact-title, exact-year, main-title, has-score",2026-04-09T01:31:37.421Z,2026-04-10T00:05:42.712409+00:00,
2016,Arrival,arrival,11.0,Arrival,matched,Arrival,arrival_2016,2016,94,83,https://resizing.flixster.com/owvDIZEFYCeWRHjrtw8LsmTaFzg=/ems.cHJkLWVtcy1hc3NldHMvbW92aWVzLzBlNjgwNTY3LTgzZGUtNDBkYi05MmRjLTVjZTY2ZmM5YWIxMi53ZWJw,https://www.rottentomatoes.com/m/arrival_2016,205,"ratio=1.00, exact-title, exact-year, main-title, has-score",2026-04-09T06:03:24.865Z,2026-04-10T00:05:42.712409+00:00,
2016,Fences,fences,12.0,Fences,matched,Fences,fences_2016,2016,92,75,https://resizing.flixster.com/-b7TI-omXiLqXUnDDldxKBxmb4U=/ems.cHJkLWVtcy1hc3NldHMvbW92aWVzLzEwYmJkMDRiLTU5MjgtNDIxYy1hZDhiLWE4MTY3NTNhZWU3Ny53ZWJw,https://www.rottentomatoes.com/m/fences_2016,205,"ratio=1.00, exact-title, exact-year, main-title, has-score",2026-04-09T10:55:27.464Z,2026-04-10T00:05:42.712409+00:00,
2016,Hacksaw Ridge,hacksaw ridge,11.0,Hacksaw Ridge,matched,Hacksaw Ridge,hacksaw_ridge,2016,84,92,https://resizing.flixster.com/fqHoVM9U_V4nCyJ2011Tjmrw-Bk=/ems.cHJkLWVtcy1hc3NldHMvbW92aWVzLzM3MGVkZTFlLTZmNWMtNDgwYS04NjFlLTg3OWE3OWU5MDk2YS53ZWJw,https://www.rottentomatoes.com/m/hacksaw_ridge,205,"ratio=1.00, exact-title, exact-year, main-title, has-score",2026-04-09T01:44:59.105Z,2026-04-10T00:05:42.712409+00:00,
2016,Hell or High Water,hell or high water,8.0,Hell or High Water,matched,Hell or High Water,hell_or_high_water,2016,97,89,https://resizing.flixster.com/W-yshypUyj6dWOsWnC_MXc0_zmc=/ems.cHJkLWVtcy1hc3NldHMvbW92aWVzLzBkZTQ2N2UyLTg1YjQtNDRjMS1hNTEyLTVlZmI2ZWE2YjI0Ny53ZWJw,https://www.rottentomatoes.com/m/hell_or_high_water,205,"ratio=1.00, exact-title, exact-year, main-title, has-score",2026-04-09T09:30:06.279Z,2026-04-10T00:05:42.712409+00:00,
2016,Hidden Figures,hidden figures,12.0,Hidden Figures,matched,Hidden Figures,hidden_figures,2016,93,93,https://resizing.flixster.com/CG6d3aZ2Fx_C-XzPoISZG2WC1TY=/ems.cHJkLWVtcy1hc3NldHMvbW92aWVzLzhjZGE3MTgzLTRlMTktNDQyZS04ODQzLWVhNDE5MWM5MmI0ZS53ZWJw,https://www.rottentomatoes.com/m/hidden_figures,205,"ratio=1.00, exact-title, exact-year, main-title, has-score",2026-04-09T12:29:10.817Z,2026-04-10T00:05:42.712409+00:00,
2016,La La Land,la la land,12.0,La La Land,matched,La La Land,la_la_land,2016,91,82,https://resizing.flixster.com/qrwaHhY7g8sv_HP3fH-zXwyFtME=/ems.cHJkLWVtcy1hc3NldHMvbW92aWVzL2U1ZDIyYTgzLWQxYjctNGY2MC1iNDRiLTYwZTBmOGEwOWM5Mi53ZWJw,https://www.rottentomatoes.com/m/la_la_land,205,"ratio=1.00, exact-title, exact-year, main-title, has-score",2026-04-09T01:46:50.253Z,2026-04-10T00:05:42.712409+00:00,
2016,Lion,lion,11.0,Lion,matched,Lion,lion_2016,2016,84,91,https://resizing.flixster.com/ptes-Egc_-9tUp8pir_VJl4J9fw=/ems.cHJkLWVtcy1hc3NldHMvbW92aWVzL2I0NzMwNjdkLTYzNWMtNGU1YS04YjYyLTQyMjQwMzEzYzU3Ni53ZWJw,https://www.rottentomatoes.com/m/lion_2016,205,"ratio=1.00, exact-title, exact-year, main-title, has-score",2026-04-08T21:02:47.141Z,2026-04-10T00:05:42.712409+00:00,
2016,Manchester by the Sea,manchester by the sea,11.0,Manchester by the Sea,matched,Manchester by the Sea,manchester_by_the_sea,2016,96,78,https://resizing.flixster.com/Md43y6frN-sFNDW6VvaJuCMkSi8=/ems.cHJkLWVtcy1hc3NldHMvbW92aWVzLzVhNDgyZGIwLTRlZTYtNGE4OC1iZTA1LTY0NWQ3ZThjYzc4MS53ZWJw,https://www.rottentomatoes.com/m/manchester_by_the_sea,205,"ratio=1.00, exact-title, exact-year, main-title, has-score",2026-04-09T13:57:04.096Z,2026-04-10T00:05:42.712409+00:00,
2016,Moonlight,moonlight,10.0,Moonlight,matched,Moonlight,moonlight_2016,2016,98,79,https://resizing.flixster.com/HE1uYAymQPCdYxRQ4SQHAOmKE60=/ems.cHJkLWVtcy1hc3NldHMvbW92aWVzLzQ1MTIzMDlhLWJiMWUtNGVhOS05MjFhLTkyMjVmNDkzNDA5Yi53ZWJw,https://www.rottentomatoes.com/m/moonlight_2016,205,"ratio=1.00, exact-title, exact-year, main-title, has-score",2026-04-09T01:52:41.449Z,2026-04-10T00:05:42.712409+00:00,
2017,Call Me by Your Name,call me by your name,11.0,Call Me by Your Name,matched,Call Me by Your Name,call_me_by_your_name,2017,95,86,https://resizing.flixster.com/GR7S7lf9u9iCxy-rQIYOLVQIOL0=/ems.cHJkLWVtcy1hc3NldHMvbW92aWVzLzJkOGVlYzY1LTA2YjItNDc5My1hZDk5LTM3MGJjMWIyYmIxYS53ZWJw,https://www.rottentomatoes.com/m/call_me_by_your_name,205,"ratio=1.00, exact-title, exact-year, main-title, has-score",2026-04-09T18:32:01.605Z,2026-04-10T00:05:42.712409+00:00,
2017,Darkest Hour,darkest hour,11.0,Darkest Hour,matched,Darkest Hour,darkest_hour_2017,2017,84,83,https://resizing.flixster.com/R2zGsQrVcJJG-0US45kyEU-agaU=/ems.cHJkLWVtcy1hc3NldHMvbW92aWVzLzg3MjhlMzc3LTczMWEtNDliZi05MjA1LThlNTU3Zjk3MWRmZi53ZWJw,https://www.rottentomatoes.com/m/darkest_hour_2017,205,"ratio=1.00, exact-title, exact-year, main-title, has-score",2026-04-09T16:26:32.353Z,2026-04-10T00:05:42.712409+00:00,
2017,Dunkirk,dunkirk,7.0,Dunkirk,matched,Dunkirk,dunkirk_2017,2017,92,81,https://resizing.flixster.com/Q8brnMSWFLzW9S2nPmfqAYdQRQg=/ems.cHJkLWVtcy1hc3NldHMvbW92aWVzL2I1MWE0NTljLTA3ODgtNDZkYy04NTcwLTgzMzg3ZjRmMzRhNC53ZWJw,https://www.rottentomatoes.com/m/dunkirk_2017,205,"ratio=1.00, exact-title, exact-year, main-title, has-score",2026-04-09T03:12:55.059Z,2026-04-10T00:05:42.712409+00:00,
2017,Get Out,get out,2.0,Get Out,matched,Get Out,get_out,2017,98,86,https://resizing.flixster.com/-XZAfHZM39UwaGJIFWKAE8fS0ak=/v3/t/assets/p13365032_p_v8_bb.jpg,https://www.rottentomatoes.com/m/get_out,205,"ratio=1.00, exact-title, exact-year, main-title, has-score",2026-04-09T03:13:00.240Z,2026-04-10T00:05:42.712409+00:00,
2017,Lady Bird,lady bird,11.0,Lady Bird,matched,Lady Bird,lady_bird,2017,99,79,https://resizing.flixster.com/LOtla2hZ_dEZ8mLjLKYYUX5NLyo=/ems.cHJkLWVtcy1hc3NldHMvbW92aWVzLzI4MjU0NjdiLTMwYTQtNDVmNy1hYjdjLWYwNTk5NTc0MGQ3MC53ZWJw,https://www.rottentomatoes.com/m/lady_bird,205,"ratio=1.00, exact-title, exact-year, main-title, has-score",2026-04-09T18:51:22.110Z,2026-04-10T00:05:42.712409+00:00,
2017,Phantom Thread,phantom thread,12.0,Phantom Thread,matched,Phantom Thread,phantom_thread,2017,91,71,https://resizing.flixster.com/bFDoqmvPGUHzolVNXKvypEFD3ao=/ems.cHJkLWVtcy1hc3NldHMvbW92aWVzLzUzYjUyMzY1LWRhNzMtNDcyYS05ZjY4LWVmMzA0MjA5ZTY5Yy53ZWJw,https://www.rottentomatoes.com/m/phantom_thread,205,"ratio=1.00, exact-title, exact-year, main-title, has-score",2026-04-09T22:49:00.150Z,2026-04-10T00:05:42.712409+00:00,
2017,The Post,the post,12.0,The Post,matched,The Post,the_post,2017,88,74,https://resizing.flixster.com/b1_Zsvx8AowcizYoz8nLdhuc3bI=/ems.cHJkLWVtcy1hc3NldHMvbW92aWVzL2Y2ZjMyMTdiLTg4ZDItNGQ5ZS05ZjA0LTVlYjdlMmNiZWZlZC53ZWJw,https://www.rottentomatoes.com/m/the_post,205,"ratio=1.00, exact-title, exact-year, main-title, has-score",2026-04-09T03:12:57.526Z,2026-04-10T00:05:42.712409+00:00,
2017,The Shape of Water,the shape of water,12.0,The Shape of Water,matched,The Shape of Water,the_shape_of_water_2017,2017,92,73,https://resizing.flixster.com/a1USHwfsu8Hi78cwXv6MGWi2lOY=/ems.cHJkLWVtcy1hc3NldHMvbW92aWVzL2RmNjViZTE4LTQ1MGEtNDRhZC1hZTQwLWM4MTY4YTBmZmVlZi53ZWJw,https://www.rottentomatoes.com/m/the_shape_of_water_2017,205,"ratio=1.00, exact-title, exact-year, main-title, has-score",2026-04-09T13:37:13.797Z,2026-04-10T00:05:42.712409+00:00,
2017,"Three Billboards outside Ebbing, Missouri",three billboards outside ebbing missouri,11.0,"Three Billboards outside Ebbing, Missouri",matched,"Three Billboards Outside Ebbing, Missouri",three_billboards_outside_ebbing_missouri,2017,90,87,https://resizing.flixster.com/Zd8kHAMa3SRSR2WgqQLOpVJD_Wg=/ems.cHJkLWVtcy1hc3NldHMvbW92aWVzLzQ4NGIxYWEyLWU0ZjAtNGNhYy05YjM0LTViMGYwNzEwNWJmYy53ZWJw,https://www.rottentomatoes.com/m/three_billboards_outside_ebbing_missouri,205,"ratio=1.00, exact-title, exact-year, main-title, has-score",2026-04-09T13:22:10.473Z,2026-04-10T00:05:42.712409+00:00,
2018,A Star Is Born,a star is born,10.0,A Star Is Born,matched,A Star Is Born,a_star_is_born_2018,2018,90,80,https://resizing.flixster.com/jmpKZR-GAGYWjZpXu25ndlHpD7w=/ems.cHJkLWVtcy1hc3NldHMvbW92aWVzLzQyNWM2MmY3LTkyMTctNDU1YS1hNDk1LTBjNDBlNmE1NmQzZi53ZWJw,https://www.rottentomatoes.com/m/a_star_is_born_2018,205,"ratio=1.00, exact-title, exact-year, main-title, has-score",2026-04-09T01:58:28.371Z,2026-04-10T00:05:42.712409+00:00,
2018,BlacKkKlansman,blackkklansman,8.0,BlacKkKlansman,matched,BlacKkKlansman,blackkklansman,2018,96,83,https://resizing.flixster.com/KoCmKfVhBorDKVtN-DRHCOuJOY8=/ems.cHJkLWVtcy1hc3NldHMvbW92aWVzLzJiOWE0ZDFlLTAwMTctNGJlZS05OWYyLTU1NWQ3ZDk3OWUxZS53ZWJw,https://www.rottentomatoes.com/m/blackkklansman,205,"ratio=1.00, exact-title, exact-year, main-title, has-score",2026-04-09T00:40:01.652Z,2026-04-10T00:05:42.712409+00:00,
2018,Black Panther,black panther,2.0,Black Panther,matched,Black Panther,black_panther_2018,2018,96,79,https://resizing.flixster.com/KBlur3LaA-y1U1yt6_Y2uO25ozA=/ems.cHJkLWVtcy1hc3NldHMvbW92aWVzLzMxOGI1YzBhLWMyMjEtNGUxMS1iM2Q0LWQ4OGMyYzQyZjQyYS53ZWJw,https://www.rottentomatoes.com/m/black_panther_2018,205,"ratio=1.00, exact-title, exact-year, main-title, has-score",2026-04-08T21:01:59.468Z,2026-04-10T00:05:42.712409+00:00,
2018,Bohemian Rhapsody,bohemian rhapsody,11.0,Bohemian Rhapsody,matched,Bohemian Rhapsody,bohemian_rhapsody,2018,60,85,https://resizing.flixster.com/O_8EbgorSfj8YGWHPvQ2TQeVY0U=/ems.cHJkLWVtcy1hc3NldHMvbW92aWVzL2I4MTk1NWE1LTQ2YjctNDMxMC1hYWRjLTU3NjYzOGE2YWM0ZC53ZWJw,https://www.rottentomatoes.com/m/bohemian_rhapsody,205,"ratio=1.00, exact-title, exact-year, main-title, has-score",2026-04-09T00:59:35.107Z,2026-04-10T00:05:42.712409+00:00,
2018,Green Book,green book,11.0,Green Book,matched,Green Book,green_book,2018,77,92,https://resizing.flixster.com/jQBU3teZvGljzA2dVa4qp-3BXe0=/ems.cHJkLWVtcy1hc3NldHMvbW92aWVzLzM5ZGFmNTRhLThhM2EtNDM3Ny1iOGViLTk1ZDBhNWJiZTg0Ni53ZWJw,https://www.rottentomatoes.com/m/green_book,205,"ratio=1.00, exact-title, exact-year, main-title, has-score",2026-04-09T00:56:17.264Z,2026-04-10T00:05:42.712409+00:00,
2018,Roma,roma,11.0,Roma,matched,Roma,roma_2018,2018,96,72,https://resizing.flixster.com/MvoVTcwumpYhVPrgSTDR5MjP4lQ=/ems.cHJkLWVtcy1hc3NldHMvbW92aWVzL2RlZGU3NzUwLWI3ZDAtNGQyZS1iZGNmLTdhOWM2ODc1ZjMwNS53ZWJw,https://www.rottentomatoes.com/m/roma_2018,205,"ratio=1.00, exact-title, exact-year, main-title, has-score",2026-04-09T19:48:14.053Z,2026-04-10T00:05:42.712409+00:00,
2018,The Favourite,the favourite,11.0,The Favourite,matched,The Favourite,the_favourite_2018,2018,93,71,https://resizing.flixster.com/_DUuDQuAIxxHtAqvyvM8zR9vDOI=/ems.cHJkLWVtcy1hc3NldHMvbW92aWVzLzk4NTJmNjE1LTE4YjEtNDY1OC1iMWViLTg1YTFhYzJjOGM5Yy53ZWJw,https://www.rottentomatoes.com/m/the_favourite_2018,205,"ratio=1.00, exact-title, exact-year, main-title, has-score",2026-04-09T15:57:10.694Z,2026-04-10T00:05:42.712409+00:00,
2018,Vice,vice,12.0,Vice,matched,Vice,vice_2018,2018,64,61,https://resizing.flixster.com/WW-GFyqisJWPkYUc2dRuF8x4K-E=/ems.cHJkLWVtcy1hc3NldHMvbW92aWVzL2FlZDhlM2E2LWM0YjYtNDg4Yy05Y2FjLTQyMGMwNGM3ZDE2ZC53ZWJw,https://www.rottentomatoes.com/m/vice_2018,205,"ratio=1.00, exact-title, exact-year, main-title, has-score",2026-04-09T14:46:00.649Z,2026-04-10T00:05:42.712409+00:00,
2019,1917,1917,12.0,1917,matched,1917,1917_2019,2019,88,88,https://resizing.flixster.com/hu80cOh-9NU_eottnuVgtP_nW54=/ems.cHJkLWVtcy1hc3NldHMvbW92aWVzL2ZlMTgyZjNiLTIxMDQtNGE4Mi05ZjAxLTlhNjk3YTdkMDYxNi53ZWJw,https://www.rottentomatoes.com/m/1917_2019,205,"ratio=1.00, exact-title, exact-year, main-title, has-score",2026-04-08T21:02:24.336Z,2026-04-10T00:05:42.712409+00:00,
2019,Ford v Ferrari,ford v ferrari,11.0,Ford v Ferrari,matched,Ford v Ferrari,ford_v_ferrari,2019,92,98,https://resizing.flixster.com/57WJsL4p6a3Q0O-xSSbus4KI8X0=/ems.cHJkLWVtcy1hc3NldHMvbW92aWVzLzZjNWVkN2M3LTUyNjYtNGRhMi1hMjYxLWY5ZDc1MDViZDVhMS53ZWJw,https://www.rottentomatoes.com/m/ford_v_ferrari,205,"ratio=1.00, exact-title, exact-year, main-title, has-score",2026-04-09T17:07:13.422Z,2026-04-10T00:05:42.712409+00:00,
2019,Jojo Rabbit,jojo rabbit,10.0,Jojo Rabbit,matched,Jojo Rabbit,jojo_rabbit,2019,81,94,https://resizing.flixster.com/Gk3Rsra8pCfIegb-rwk_hQs5Nt4=/ems.cHJkLWVtcy1hc3NldHMvbW92aWVzLzgyNjc5YzczLTAyNmMtNDk5MC1iZDYzLWNmNDg4MjAwMDM2MC53ZWJw,https://www.rottentomatoes.com/m/jojo_rabbit,205,"ratio=1.00, exact-title, exact-year, main-title, has-score",2026-04-09T01:28:57.541Z,2026-04-10T00:05:42.712409+00:00,
2019,Joker,joker,10.0,Joker,matched,Joker,joker_2019,2019,68,89,https://resizing.flixster.com/YrgoDA1swmWoj7JbfGNWsJ1Y4vc=/ems.cHJkLWVtcy1hc3NldHMvbW92aWVzLzIzNjM3NmRhLWZiOWUtNGFjNC1hMTViLTM1ZWEzNWRkMzI1Zi53ZWJw,https://www.rottentomatoes.com/m/joker_2019,205,"ratio=1.00, exact-title, exact-year, main-title, has-score",2026-04-08T21:02:07.067Z,2026-04-10T00:05:42.712409+00:00,
2019,Little Women,little women,12.0,Little Women,matched,Little Women,little_women_2019,2019,95,92,https://resizing.flixster.com/rYcj2hcdp1ffcGQQKtdmKhF82IE=/ems.cHJkLWVtcy1hc3NldHMvbW92aWVzLzdmMTk0MmQ2LTQzMmEtNGFmOC1hODEzLTRjNGRmOTFjYTQxNi53ZWJw,https://www.rottentomatoes.com/m/little_women_2019,205,"ratio=1.00, exact-title, exact-year, main-title, has-score",2026-04-09T00:58:30.052Z,2026-04-10T00:05:42.712409+00:00,
2019,Marriage Story,marriage story,11.0,Marriage Story,matched,Marriage Story,marriage_story_2019,2019,95,85,https://resizing.flixster.com/hTjy4hHVahHpFvTupVi7-jnMnuQ=/ems.cHJkLWVtcy1hc3NldHMvbW92aWVzL2YyODE2NjBkLWM3ZTYtNDNjMi05NzM0LTZjN2QyZjhiYTY0MC53ZWJw,https://www.rottentomatoes.com/m/marriage_story_2019,205,"ratio=1.00, exact-title, exact-year, main-title, has-score",2026-04-08T21:02:24.306Z,2026-04-10T00:05:42.712409+00:00,
2019,Once upon a Time...in Hollywood,once upon a time in hollywood,7.0,Once upon a Time...in Hollywood,matched,Once Upon a Time... In Hollywood,once_upon_a_time_in_hollywood,2019,86,70,https://resizing.flixster.com/XZhUDb2br0TYzoMUa0T5B-Az_c0=/ems.cHJkLWVtcy1hc3NldHMvbW92aWVzL2VkMmI3OGU4LWRlZDYtNGQ2MS1hZWRmLWU4ZGEzMjhkNTViNS53ZWJw,https://www.rottentomatoes.com/m/once_upon_a_time_in_hollywood,205,"ratio=1.00, exact-title, exact-year, main-title, has-score",2026-04-09T18:43:12.573Z,2026-04-10T00:05:42.712409+00:00,
2019,Parasite,parasite,11.0,Parasite,matched,Parasite,parasite_2019,2019,99,90,https://resizing.flixster.com/0nQ2niq2j-E4gdW_kB5H606atmc=/ems.cHJkLWVtcy1hc3NldHMvbW92aWVzLzZlZWEwMmY4LTk1OWUtNGEyOS04ODRmLTA0OWRjMzhlYWZkNi53ZWJw,https://www.rottentomatoes.com/m/parasite_2019,201,"ratio=1.00, exact-title, exact-year, has-score",2026-04-09T18:42:45.437Z,2026-04-10T00:05:42.712409+00:00,
2019,The Irishman,the irishman,11.0,The Irishman,matched,The Irishman,the_irishman,2019,95,86,https://resizing.flixster.com/GUewSzxRltnb1uUNG-K85DQXFqk=/ems.cHJkLWVtcy1hc3NldHMvbW92aWVzLzViMjBhZDM0LWMxNTUtNDA3OC05ZjVkLTg4MDliYjNhNjdkOC53ZWJw,https://www.rottentomatoes.com/m/the_irishman,205,"ratio=1.00, exact-title, exact-year, main-title, has-score",2026-04-09T01:01:38.272Z,2026-04-10T00:05:42.712409+00:00,
2020,Judas and the Black Messiah,judas and the black messiah,,Judas and the Black Messiah,matched,Judas and the Black Messiah,judas_and_the_black_messiah,2021,96,95,https://resizing.flixster.com/fkrnnYL6c2XpoT2bYabLpeIkB0U=/ems.cHJkLWVtcy1hc3NldHMvbW92aWVzLzllOWJlOTk0LTExMjktNDU0MC04MmNlLTg1ZTlkNjc0N2ViZC5qcGc=,https://www.rottentomatoes.com/m/judas_and_the_black_messiah,193,"ratio=1.00, exact-title, year-plus-one, main-title, has-score",2026-04-09T01:30:57.164Z,2026-04-10T00:05:42.712409+00:00,
2020,Mank,mank,,Mank,matched,Mank,mank,2020,83,62,https://resizing.flixster.com/-XZAfHZM39UwaGJIFWKAE8fS0ak=/v3/t/assets/p18858963_p_v8_ab.jpg,https://www.rottentomatoes.com/m/mank,205,"ratio=1.00, exact-title, exact-year, main-title, has-score",2026-04-09T16:20:07.672Z,2026-04-10T00:05:42.712409+00:00,
2020,Minari,minari,,Minari,matched,Minari,minari,2020,98,92,https://resizing.flixster.com/E18FO2BbJxaQTHe4xb6lIt59Apo=/ems.cHJkLWVtcy1hc3NldHMvbW92aWVzL2MxZGFjOGZmLWRiMDEtNDdkMi04OTA5LTk3YTU4YmVkZDE0MS5qcGc=,https://www.rottentomatoes.com/m/minari,205,"ratio=1.00, exact-title, exact-year, main-title, has-score",2026-04-09T11:51:15.907Z,2026-04-10T00:05:42.712409+00:00,
2020,Nomadland,nomadland,,Nomadland,matched,Nomadland,nomadland,2020,93,82,https://resizing.flixster.com/7TTnMSfqk40GyhbZ_ael5N4Zp9o=/ems.cHJkLWVtcy1hc3NldHMvbW92aWVzLzJjOWRjNGVkLTIwNDAtNDlmZS04MDM5LTNjYzM0ZDFlODhhMy5qcGc=,https://www.rottentomatoes.com/m/nomadland,205,"ratio=1.00, exact-title, exact-year, main-title, has-score",2026-04-08T21:02:46.167Z,2026-04-10T00:05:42.712409+00:00,
2020,Promising Young Woman,promising young woman,,Promising Young Woman,matched,Promising Young Woman,promising_young_woman,2020,90,87,https://resizing.flixster.com/1o6JAFpMU6u4Ju26iCZfQww3ozE=/ems.cHJkLWVtcy1hc3NldHMvbW92aWVzL2QzZTBmNWYyLTQ0OTItNGE4ZS1iMGJjLTc4YzQ5OTMwMTVkMS5qcGc=,https://www.rottentomatoes.com/m/promising_young_woman,205,"ratio=1.00, exact-title, exact-year, main-title, has-score",2026-04-09T20:04:20.891Z,2026-04-10T00:05:42.712409+00:00,
2020,Sound of Metal,sound of metal,,Sound of Metal,matched,Sound of Metal,sound_of_metal,2019,97,90,https://resizing.flixster.com/3eYXgGwGnn9Ld4Y3Nzij_BKPUKE=/ems.cHJkLWVtcy1hc3NldHMvbW92aWVzLzZmY2YwNDVjLWQ5NzctNDI3ZS1hZjc0LWU5NGU5ZmRlMzhkYS5wbmc=,https://www.rottentomatoes.com/m/sound_of_metal,193,"ratio=1.00, exact-title, year-plus-one, main-title, has-score",2026-04-09T13:22:11.149Z,2026-04-10T00:05:42.712409+00:00,
2020,The Father,the father,,The Father,matched,The Father,the_father_2021,2020,98,88,https://resizing.flixster.com/nhFN5sBxBw71nKh8O_TkesSHDx4=/ems.cHJkLWVtcy1hc3NldHMvbW92aWVzLzM2YzVhYWQyLTNmMTgtNDc0Ni1hZTFjLTUxN2ViZDBkYjNmZC5qcGc=,https://www.rottentomatoes.com/m/the_father_2021,205,"ratio=1.00, exact-title, exact-year, main-title, has-score",2026-04-09T02:11:22.567Z,2026-04-10T00:05:42.712409+00:00,
2020,The Trial of the Chicago 7,the trial of the chicago 7,,The Trial of the Chicago 7,matched,The Trial of the Chicago 7,the_trial_of_the_chicago_7,2020,89,90,https://resizing.flixster.com/J4_g29z9mN7GdcC1tT340TA6dYg=/ems.cHJkLWVtcy1hc3NldHMvbW92aWVzL2UyMGRlYzliLWJjYTQtNDYyNC04NmI2LTY1ODYyMTA2YWZlYi53ZWJw,https://www.rottentomatoes.com/m/the_trial_of_the_chicago_7,205,"ratio=1.00, exact-title, exact-year, main-title, has-score",2026-04-09T08:40:18.168Z,2026-04-10T00:05:42.712409+00:00,
2021,Belfast,belfast,,Belfast,matched,Belfast,belfast,2021,86,92,https://resizing.flixster.com/ETai5KqrMwxPkIXfgCWpc9zAf4o=/ems.cHJkLWVtcy1hc3NldHMvbW92aWVzLzZjOWRkM2RkLWM3ZjgtNGE5OC1iZTFiLWVjNWIwZWQxYjZiMi5qcGc=,https://www.rottentomatoes.com/m/belfast,205,"ratio=1.00, exact-title, exact-year, main-title, has-score",2026-04-09T11:16:11.749Z,2026-04-10T00:05:42.712409+00:00,
2021,CODA,coda,,CODA,matched,CODA,coda_2021,2021,94,91,https://resizing.flixster.com/SjEszAGGYlaasiZ_kJZhf5POWFg=/ems.cHJkLWVtcy1hc3NldHMvbW92aWVzLzdhMTUyZDA5LTlkMDktNGE0OC05ZjM3LThmZGQ3OTI1YTM4OS5wbmc=,https://www.rottentomatoes.com/m/coda_2021,205,"ratio=1.00, exact-title, exact-year, main-title, has-score",2026-04-09T01:07:38.078Z,2026-04-10T00:05:42.712409+00:00,
2021,Don't Look Up,don t look up,,Don't Look Up,matched,Don't Look Up,dont_look_up_2021,2021,56,78,https://resizing.flixster.com/iC6tded_K_movQT9LqrU2x46G4Y=/ems.cHJkLWVtcy1hc3NldHMvbW92aWVzLzg4Yjk0NDAxLWFhODgtNDE4ZC04MDJlLTZlZmIzYTFjMjdiYy5qcGc=,https://www.rottentomatoes.com/m/dont_look_up_2021,205,"ratio=1.00, exact-title, exact-year, main-title, has-score",2026-04-08T21:02:03.005Z,2026-04-10T00:05:42.712409+00:00,
2021,Drive My Car,drive my car,,Drive My Car,matched,Drive My Car,drive_my_car,2021,97,78,https://resizing.flixster.com/ro2jW5RZekSzKf2ypKBqxFb-g68=/ems.cHJkLWVtcy1hc3NldHMvbW92aWVzLzYyYTZjMzkwLWU0MGMtNDgyZC1hMDcwLWIyNGFjYTBkNTJlYi5qcGc=,https://www.rottentomatoes.com/m/drive_my_car,201,"ratio=1.00, exact-title, exact-year, has-score",2026-04-09T01:49:59.718Z,2026-04-10T00:05:42.712409+00:00,
2021,Dune,dune,,Dune,matched,Dune,dune_2021,2021,83,90,https://resizing.flixster.com/gcRn4_emLo1Iz5ndbvUOKDYq35c=/ems.cHJkLWVtcy1hc3NldHMvbW92aWVzLzdhYTI2NDJkLTU5YTYtNDNkOS05ZWQxLWZiNjFlOTZmYjZlZS5qcGc=,https://www.rottentomatoes.com/m/dune_2021,205,"ratio=1.00, exact-title, exact-year, main-title, has-score",2026-04-09T00:39:54.859Z,2026-04-10T00:05:42.712409+00:00,
2021,King Richard,king richard,,King Richard,matched,King Richard,king_richard,2021,90,98,https://resizing.flixster.com/gBrgxl755XtSC70b4NvP6D1DBa8=/ems.cHJkLWVtcy1hc3NldHMvbW92aWVzLzI3ZGZjMzdjLTI5MDAtNDlhNS1iY2IxLWUyOWFiNzY0MTVmZS5qcGc=,https://www.rottentomatoes.com/m/king_richard,205,"ratio=1.00, exact-title, exact-year, main-title, has-score",2026-04-09T00:35:30.065Z,2026-04-10T00:05:42.712409+00:00,
2021,Licorice Pizza,licorice pizza,,Licorice Pizza,matched,Licorice Pizza,licorice_pizza,2021,90,65,https://resizing.flixster.com/IrHHxOl5fDiUH6Y30dV8GGO5X2g=/ems.cHJkLWVtcy1hc3NldHMvbW92aWVzLzY1YjVkNmRkLTg1YTQtNGY0Yi05NjZkLThlMWQ0NGRiMTc0Zi5qcGc=,https://www.rottentomatoes.com/m/licorice_pizza,205,"ratio=1.00, exact-title, exact-year, main-title, has-score",2026-04-08T21:02:06.020Z,2026-04-10T00:05:42.712409+00:00,
2021,Nightmare Alley,nightmare alley,,Nightmare Alley,matched,Nightmare Alley,nightmare_alley_2021,2021,80,68,https://resizing.flixster.com/2q0ja5pOYxDRZ2b8LD4ukjr8zqI=/ems.cHJkLWVtcy1hc3NldHMvbW92aWVzLzgwNzVmNjE2LTJiY2QtNDhhMS04ODZlLTlkZDU4YzU5YjEzNi5qcGc=,https://www.rottentomatoes.com/m/nightmare_alley_2021,205,"ratio=1.00, exact-title, exact-year, main-title, has-score",2026-04-09T19:49:28.920Z,2026-04-10T00:05:42.712409+00:00,
2021,The Power of the Dog,the power of the dog,,The Power of the Dog,matched,The Power of the Dog,the_power_of_the_dog,2021,94,76,https://resizing.flixster.com/Rk7fdyOXFyc7Wn1iDsHMPH6OVjE=/ems.cHJkLWVtcy1hc3NldHMvbW92aWVzLzJiNjQ0YWVlLTFhZmQtNGQwYy05NzlhLTY1NDExZTQxNWU0Zi5qcGc=,https://www.rottentomatoes.com/m/the_power_of_the_dog,205,"ratio=1.00, exact-title, exact-year, main-title, has-score",2026-04-09T00:50:47.771Z,2026-04-10T00:05:42.712409+00:00,
2021,West Side Story,west side story,,West Side Story,matched,West Side Story,west_side_story_2021,2021,91,93,https://resizing.flixster.com/1-wvTp-iuqaDikrorqZBaYQdFvo=/ems.cHJkLWVtcy1hc3NldHMvbW92aWVzLzkzYTk5ZTVjLWJmYjYtNGYxYS1hMzQzLTI0NTAyNGNhMDVhYy5qcGc=,https://www.rottentomatoes.com/m/west_side_story_2021,205,"ratio=1.00, exact-title, exact-year, main-title, has-score",2026-04-08T21:02:39.096Z,2026-04-10T00:05:42.712409+00:00,
2022,All Quiet on the Western Front,all quiet on the western front,,All Quiet on the Western Front,matched,All Quiet on the Western Front,all_quiet_on_the_western_front_2022,2022,90,90,https://resizing.flixster.com/Tv-nj_XzcvU5GZthFm-0xrSvvjo=/ems.cHJkLWVtcy1hc3NldHMvbW92aWVzLzljM2U3Mjk3LWExNzgtNGE2NS05OTMxLWVlZmU1NzNlZWM5MS5qcGc=,https://www.rottentomatoes.com/m/all_quiet_on_the_western_front_2022,201,"ratio=1.00, exact-title, exact-year, has-score",2026-04-09T00:42:21.559Z,2026-04-10T00:05:42.712409+00:00,
2022,Avatar: The Way of Water,avatar the way of water,,Avatar: The Way of Water,matched,Avatar: The Way of Water,avatar_the_way_of_water,2022,76,92,https://resizing.flixster.com/gWWM2Ov0VLAuazwELZCVc9grUQI=/ems.cHJkLWVtcy1hc3NldHMvbW92aWVzLzgyMGM0ZDJiLWNmYjAtNGI3NS1hYTgzLTQ5YmU2ZjQwZWE0ZC5qcGc=,https://www.rottentomatoes.com/m/avatar_the_way_of_water,205,"ratio=1.00, exact-title, exact-year, main-title, has-score",2026-04-09T01:01:46.624Z,2026-04-10T00:05:42.712409+00:00,
2022,Elvis,elvis,,Elvis,matched,Elvis,elvis,2022,77,94,https://resizing.flixster.com/mYfU74jKBCV9KA_O7ktmk5exwu4=/ems.cHJkLWVtcy1hc3NldHMvbW92aWVzLzczNjAwNTk0LTRlZWEtNDY5Ni1iYWM1LWRhZjI1OWUzODNhNy5qcGc=,https://www.rottentomatoes.com/m/elvis,205,"ratio=1.00, exact-title, exact-year, main-title, has-score",2026-04-08T21:02:24.417Z,2026-04-10T00:05:42.712409+00:00,
2022,Everything Everywhere All at Once,everything everywhere all at once,,Everything Everywhere All at Once,matched,Everything Everywhere All at Once,everything_everywhere_all_at_once,2022,93,79,https://resizing.flixster.com/mx-agGjjsUK1QMyuv3AJhHI3hgo=/ems.cHJkLWVtcy1hc3NldHMvbW92aWVzLzA3ZjU2MGU1LWMxODItNDlkMC1hYzJhLTY2YzMwOGZkMDhiZi5qcGc=,https://www.rottentomatoes.com/m/everything_everywhere_all_at_once,205,"ratio=1.00, exact-title, exact-year, main-title, has-score",2026-04-09T00:40:46.967Z,2026-04-10T00:05:42.712409+00:00,
2022,The Banshees of Inisherin,the banshees of inisherin,,The Banshees of Inisherin,matched,The Banshees of Inisherin,the_banshees_of_inisherin,2022,96,75,https://resizing.flixster.com/SqYohHz5ela5G1qTZ8aKYunK2Oo=/ems.cHJkLWVtcy1hc3NldHMvbW92aWVzLzc4ZjI3ZDBiLTkwMDktNDVkZC1hZmI5LTJiNDdjNWRmZDVjOC5qcGc=,https://www.rottentomatoes.com/m/the_banshees_of_inisherin,205,"ratio=1.00, exact-title, exact-year, main-title, has-score",2026-04-08T21:02:24.968Z,2026-04-10T00:05:42.712409+00:00,
2022,The Fabelmans,the fabelmans,,The Fabelmans,matched,The Fabelmans,the_fabelmans,2022,92,83,https://resizing.flixster.com/sHWlKXB2LojbyFEGXuLICWYopdI=/ems.cHJkLWVtcy1hc3NldHMvbW92aWVzLzA3Y2Y3MTk3LWZkMWUtNGNjNS04YzY0LWI0YjNlNDNmYTRhNC5qcGc=,https://www.rottentomatoes.com/m/the_fabelmans,205,"ratio=1.00, exact-title, exact-year, main-title, has-score",2026-04-09T19:40:05.857Z,2026-04-10T00:05:42.712409+00:00,
2022,Top Gun: Maverick,top gun maverick,,Top Gun: Maverick,matched,Top Gun: Maverick,top_gun_maverick,2022,96,99,https://resizing.flixster.com/TIM4kfHTVZrfpF0tYt9LIU69A5s=/ems.cHJkLWVtcy1hc3NldHMvbW92aWVzLzU1OWIwMWQwLWYyZDItNDk4Yi04MDIxLWI3OTJlNDI1NjA3NS5qcGc=,https://www.rottentomatoes.com/m/top_gun_maverick,205,"ratio=1.00, exact-title, exact-year, main-title, has-score",2026-04-09T17:23:42.287Z,2026-04-10T00:05:42.712409+00:00,
2022,Triangle of Sadness,triangle of sadness,,Triangle of Sadness,matched,Triangle of Sadness,triangle_of_sadness,2022,72,80,https://resizing.flixster.com/z6ABTqY9Z_hs2mKAokadKfuTHyg=/ems.cHJkLWVtcy1hc3NldHMvbW92aWVzLzI5NTZjNDYwLWFkNDgtNDhlZC05OWE5LWZlYzRhMjgwZDJjMC5qcGc=,https://www.rottentomatoes.com/m/triangle_of_sadness,205,"ratio=1.00, exact-title, exact-year, main-title, has-score",2026-04-09T00:39:23.511Z,2026-04-10T00:05:42.712409+00:00,
2022,Tár,tar,,Tár,matched,Tár,tar_2022,2022,91,74,https://resizing.flixster.com/wFUHH4yTM6tmK4R-0f6pCrCPpB0=/ems.cHJkLWVtcy1hc3NldHMvbW92aWVzLzBlZGZjZWM1LTVkNmMtNDYzZC1iNjc0LTYwNDY0YTkzYTExYy5qcGc=,https://www.rottentomatoes.com/m/tar_2022,205,"ratio=1.00, exact-title, exact-year, main-title, has-score",2026-04-09T11:43:51.155Z,2026-04-10T00:05:42.712409+00:00,
2022,Women Talking,women talking,,Women Talking,matched,Women Talking,women_talking,2022,90,80,https://resizing.flixster.com/YK7EnYmnlr7njPaqZ_x-mdAI86A=/ems.cHJkLWVtcy1hc3NldHMvbW92aWVzL2FmZDQxZTlhLTYyN2ItNDc5ZS04NjEzLWU2NmY3Y2JkNTkwMi5qcGc=,https://www.rottentomatoes.com/m/women_talking,205,"ratio=1.00, exact-title, exact-year, main-title, has-score",2026-04-08T21:04:50.385Z,2026-04-10T00:05:42.712409+00:00,
2023,American Fiction,american fiction,,American Fiction,matched,American Fiction,american_fiction,2023,93,95,https://resizing.flixster.com/Kes35WjbggKb9o6T7JG1nBGE2RE=/ems.cHJkLWVtcy1hc3NldHMvbW92aWVzL2M4ODA3YzJjLTA5YWItNDFhZi1hNDc5LTc0MWU0NWMxYTU3ZS5qcGc=,https://www.rottentomatoes.com/m/american_fiction,205,"ratio=1.00, exact-title, exact-year, main-title, has-score",2026-04-09T09:22:30.502Z,2026-04-10T00:05:42.712409+00:00,
2023,Anatomy of a Fall,anatomy of a fall,,Anatomy of a Fall,matched,Anatomy of a Fall,anatomy_of_a_fall,2023,96,91,https://resizing.flixster.com/DiduaaJKONgMBcwEdDgLlFGE7Vo=/ems.cHJkLWVtcy1hc3NldHMvbW92aWVzL2JmMGYzZGMxLWVjNmItNGI1ZS05ODAxLTkwY2U4ZGQyMzI5Ni5qcGc=,https://www.rottentomatoes.com/m/anatomy_of_a_fall,201,"ratio=1.00, exact-title, exact-year, has-score",2026-04-09T00:46:58.744Z,2026-04-10T00:05:42.712409+00:00,
2023,Barbie,barbie,,Barbie,matched,Barbie,barbie,2023,88,83,https://resizing.flixster.com/-XZAfHZM39UwaGJIFWKAE8fS0ak=/v3/t/assets/p13472534_p_v8_am.jpg,https://www.rottentomatoes.com/m/barbie,205,"ratio=1.00, exact-title, exact-year, main-title, has-score",2026-04-08T21:02:09.875Z,2026-04-10T00:05:42.712409+00:00,
2023,Killers of the Flower Moon,killers of the flower moon,,Killers of the Flower Moon,matched,Killers of the Flower Moon,killers_of_the_flower_moon,2023,93,84,https://resizing.flixster.com/GGQKtXozu58SHWKH0Cz-5jQ9U38=/ems.cHJkLWVtcy1hc3NldHMvbW92aWVzLzZhOWE1N2ZkLTY4MzgtNDA3Yi05MDEwLWQzN2QwMTFkZDdmNS5qcGc=,https://www.rottentomatoes.com/m/killers_of_the_flower_moon,205,"ratio=1.00, exact-title, exact-year, main-title, has-score",2026-04-09T01:59:22.009Z,2026-04-10T00:05:42.712409+00:00,
2023,Maestro,maestro,,Maestro,matched,Maestro,maestro_2023,2023,78,87,https://resizing.flixster.com/QxuXNaDPg5NQX_DPml6C0zV1A5E=/ems.cHJkLWVtcy1hc3NldHMvbW92aWVzLzZmMDhiMTk1LTc5MzMtNGQ0OS04NTNiLTY2MWEwZDBkYjRlMi5qcGc=,https://www.rottentomatoes.com/m/maestro_2023,205,"ratio=1.00, exact-title, exact-year, main-title, has-score",2026-04-09T16:13:36.608Z,2026-04-10T00:05:42.712409+00:00,
2023,Oppenheimer,oppenheimer,,Oppenheimer,matched,Oppenheimer,oppenheimer_2023,2023,93,91,https://resizing.flixster.com/dV1vfa4w_dB4wzk7A_VzThWUWw8=/ems.cHJkLWVtcy1hc3NldHMvbW92aWVzLzEyZDMyYjZmLThmNzAtNDliNC1hMjFmLTA2ZWY4M2UyMjJhMi5qcGc=,https://www.rottentomatoes.com/m/oppenheimer_2023,205,"ratio=1.00, exact-title, exact-year, main-title, has-score",2026-04-09T02:13:29.850Z,2026-04-10T00:05:42.712409+00:00,
2023,Past Lives,past lives,,Past Lives,matched,Past Lives,past_lives,2023,95,93,https://resizing.flixster.com/Rj36W7XfjR7FUlGiJBCMNfLpk5k=/ems.cHJkLWVtcy1hc3NldHMvbW92aWVzLzg5NjQ4NjQxLTI5MzktNDVlMy04NTU0LTEzZGJiYTZmNzRlNi5qcGc=,https://www.rottentomatoes.com/m/past_lives,205,"ratio=1.00, exact-title, exact-year, main-title, has-score",2026-04-09T00:54:20.659Z,2026-04-10T00:05:42.712409+00:00,
2023,Poor Things,poor things,,Poor Things,matched,Poor Things,poor_things,2023,92,80,https://resizing.flixster.com/U_RT77J5o2EfMC-DdAc7Dm8CkKY=/ems.cHJkLWVtcy1hc3NldHMvbW92aWVzLzNmM2FiYmJhLTFjYTgtNDljOC04MjQ4LTU1Yjg0M2NkNTdmZC5qcGc=,https://www.rottentomatoes.com/m/poor_things,205,"ratio=1.00, exact-title, exact-year, main-title, has-score",2026-04-09T01:26:56.268Z,2026-04-10T00:05:42.712409+00:00,
2023,The Holdovers,the holdovers,,The Holdovers,matched,The Holdovers,the_holdovers,2023,97,92,https://resizing.flixster.com/Gfe3Lf75Qo5Pb0feNQ58BzwVBOA=/ems.cHJkLWVtcy1hc3NldHMvbW92aWVzLzQ4N2I3NGFjLWY3NDAtNDVlMS05ODFmLTNmYjA5ZmE3NTViNi5qcGc=,https://www.rottentomatoes.com/m/the_holdovers,205,"ratio=1.00, exact-title, exact-year, main-title, has-score",2026-04-09T00:50:04.886Z,2026-04-10T00:05:42.712409+00:00,
2023,The Zone of Interest,the zone of interest,,The Zone of Interest,matched,The Zone of Interest,the_zone_of_interest,2023,93,79,https://resizing.flixster.com/sK_6rOkR73t2sfxWzzu1MJY4e-E=/ems.cHJkLWVtcy1hc3NldHMvbW92aWVzL2RkMDcxNjExLWY2OGYtNGJlNS04OTNjLTdhNDA3OGIzZjA1NC5qcGc=,https://www.rottentomatoes.com/m/the_zone_of_interest,205,"ratio=1.00, exact-title, exact-year, main-title, has-score",2026-04-09T17:47:18.146Z,2026-04-10T00:05:42.712409+00:00,
2024,A Complete Unknown,a complete unknown,,A Complete Unknown,matched,A Complete Unknown,a_complete_unknown,2024,82,95,https://resizing.flixster.com/eqt-Ae8wE9lkY9IWV82QWKpjuTg=/ems.cHJkLWVtcy1hc3NldHMvbW92aWVzLzQyYjIzN2EwLTViN2ItNGEzYy1hN2FlLTk0YmYwZTQ2ZjA3ZS5qcGc=,https://www.rottentomatoes.com/m/a_complete_unknown,205,"ratio=1.00, exact-title, exact-year, main-title, has-score",2026-04-09T18:00:24.655Z,2026-04-10T00:05:42.712409+00:00,
2024,Anora,anora,,Anora,matched,Anora,anora,2024,93,84,https://resizing.flixster.com/FTHBGq9jCInQsKBj9dhfLIVIxrM=/ems.cHJkLWVtcy1hc3NldHMvbW92aWVzLzg2NWVmODUwLWIzMDAtNGVkMC1iODgwLWZmZDAyOTVkODkwYS5qcGc=,https://www.rottentomatoes.com/m/anora,205,"ratio=1.00, exact-title, exact-year, main-title, has-score",2026-04-09T00:49:12.475Z,2026-04-10T00:05:42.712409+00:00,
2024,Conclave,conclave,,Conclave,matched,Conclave,conclave,2024,93,86,https://resizing.flixster.com/EuHvfeWcRbhSOlcUxLa4n_yhNtQ=/ems.cHJkLWVtcy1hc3NldHMvbW92aWVzLzY4ZWI3MGFjLWNlZTEtNGYyOC04NGY1LWFlOGQzMDZmZThmNS5qcGc=,https://www.rottentomatoes.com/m/conclave,205,"ratio=1.00, exact-title, exact-year, main-title, has-score",2026-04-09T01:13:31.498Z,2026-04-10T00:05:42.712409+00:00,
2024,Dune: Part Two,dune part two,,Dune: Part Two,matched,Dune: Part Two,dune_part_two,2024,92,95,https://resizing.flixster.com/PgHhmCKS3hR6GUsVNlC-vZ9d90I=/ems.cHJkLWVtcy1hc3NldHMvbW92aWVzLzZhOTA0OTIzLTEwNDctNDhkNS1iNTc3LTY3MjBmNDc5OGU1Mi5qcGc=,https://www.rottentomatoes.com/m/dune_part_two,205,"ratio=1.00, exact-title, exact-year, main-title, has-score",2026-04-09T01:12:44.205Z,2026-04-10T00:05:42.712409+00:00,
2024,Emilia Pérez,emilia perez,,Emilia Pérez,matched,Emilia Pérez,emilia_perez,2024,70,17,https://resizing.flixster.com/f1xd1j5OIWlNcT8D6thNcvlc-ls=/ems.cHJkLWVtcy1hc3NldHMvbW92aWVzL2ZjZThlZjg3LTBlZDQtNGVlYS05NjA1LTI1ODM0OTNiOWQ0NS5qcGc=,https://www.rottentomatoes.com/m/emilia_perez,205,"ratio=1.00, exact-title, exact-year, main-title, has-score",2026-04-08T21:02:09.621Z,2026-04-10T00:05:42.712409+00:00,
2024,I'm Still Here,i m still here,,I'm Still Here,matched,I'm Still Here,im_still_here_2024,2024,97,97,https://resizing.flixster.com/3OQ90Q95v3LWbtW5hWKzuGBL-0U=/ems.cHJkLWVtcy1hc3NldHMvbW92aWVzL2VmNzdhYTFjLTc3OWUtNGRlOS1iYjBkLWFkZmFhNWRiYjY2Yy5qcGc=,https://www.rottentomatoes.com/m/im_still_here_2024,201,"ratio=1.00, exact-title, exact-year, has-score",2026-04-09T09:02:37.775Z,2026-04-10T00:05:42.712409+00:00,
2024,Nickel Boys,nickel boys,,Nickel Boys,matched,Nickel Boys,nickel_boys,2024,92,75,https://resizing.flixster.com/fG2zvisuVDoovvG4RjXzvFBLpPE=/ems.cHJkLWVtcy1hc3NldHMvbW92aWVzLzI1YTVhYjMxLTQwMGQtNDk5Yy05NGFlLTg5NzRhOGU5YmQzMS5qcGc=,https://www.rottentomatoes.com/m/nickel_boys,205,"ratio=1.00, exact-title, exact-year, main-title, has-score",2026-04-08T21:02:37.744Z,2026-04-10T00:05:42.712409+00:00,
2024,The Brutalist,the brutalist,,The Brutalist,matched,The Brutalist,the_brutalist,2024,93,79,https://resizing.flixster.com/g2JZXXo0FSihsiOJG3XyWv8Ml7A=/ems.cHJkLWVtcy1hc3NldHMvbW92aWVzL2E3MmU0NGMwLWVjMjQtNGQ0ZC04ZWYzLWI1YWNkZDVkYmIxNy5qcGc=,https://www.rottentomatoes.com/m/the_brutalist,205,"ratio=1.00, exact-title, exact-year, main-title, has-score",2026-04-09T01:40:30.731Z,2026-04-10T00:05:42.712409+00:00,
2024,The Substance,the substance,,The Substance,matched,The Substance,the_substance,2024,89,76,https://resizing.flixster.com/jR2K79Abw-XbUPWBfdjzMStAHSA=/ems.cHJkLWVtcy1hc3NldHMvbW92aWVzLzFjNzgyYzkwLWZkNGItNDEwZi04MTViLTRmOGRlN2M4NTg2OC5qcGc=,https://www.rottentomatoes.com/m/the_substance,205,"ratio=1.00, exact-title, exact-year, main-title, has-score",2026-04-09T00:47:14.035Z,2026-04-10T00:05:42.712409+00:00,
2024,Wicked,wicked,,Wicked,matched,Wicked,wicked_2024,2024,88,95,https://resizing.flixster.com/1udyHgoIqT1-2LitoJfbaaumai0=/ems.cHJkLWVtcy1hc3NldHMvbW92aWVzLzFhYjBiNWVmLTk0NWUtNDE5Mi04ZTZiLWJiOTcxNmIyZWQxNC5qcGc=,https://www.rottentomatoes.com/m/wicked_2024,205,"ratio=1.00, exact-title, exact-year, main-title, has-score",2026-04-09T00:50:39.117Z,2026-04-10T00:05:42.712409+00:00,
2025,After the Hunt,after the hunt,10.0,After the Hunt,matched,After the Hunt,after_the_hunt,2025,37,39,https://resizing.flixster.com/N51PaCVs6T7yUteAvq8TnlOnwQU=/ems.cHJkLWVtcy1hc3NldHMvbW92aWVzLzMyYjNjMTE1LWQ1ODQtNGY5Ny1hYjQzLWYzZmFmMWZiMDU5OC5qcGc=,https://www.rottentomatoes.com/m/after_the_hunt,205,"ratio=1.00, exact-title, exact-year, main-title, has-score",2026-04-09T03:14:09.406Z,2026-04-10T00:05:42.712409+00:00,
2025,Ballad of a Small Player,ballad of a small player,10.0,Ballad of a Small Player,matched,Ballad of a Small Player,ballad_of_a_small_player,2025,49,50,https://resizing.flixster.com/HI3e4ZgRz8stlChoc0PvosdIcxs=/ems.cHJkLWVtcy1hc3NldHMvbW92aWVzLzY3MDAwM2RmLTc1NDUtNGY1OC04YzlmLWFhYTk4YTgzMjA1NS5qcGc=,https://www.rottentomatoes.com/m/ballad_of_a_small_player,205,"ratio=1.00, exact-title, exact-year, main-title, has-score",2026-04-09T03:14:22.365Z,2026-04-10T00:05:42.712409+00:00,
2025,Blue Moon,blue moon,10.0,Blue Moon,matched,Blue Moon,blue_moon_2025,2025,89,76,https://resizing.flixster.com/c32XmlONGGf3k6KDxTsRe1vqvTk=/ems.cHJkLWVtcy1hc3NldHMvbW92aWVzLzY0NTMwOTYzLTdjODgtNDY2NC05ODU0LWQ2OGYxNDAwOGVkYy5qcGc=,https://www.rottentomatoes.com/m/blue_moon_2025,205,"ratio=1.00, exact-title, exact-year, main-title, has-score",2026-04-09T03:14:08.504Z,2026-04-10T00:05:42.712409+00:00,
2025,Bugonia,bugonia,10.0,Bugonia,matched,Bugonia,bugonia,2025,87,84,https://resizing.flixster.com/gwB5ARQSFnq3ERE3wrksNSQAeOc=/ems.cHJkLWVtcy1hc3NldHMvbW92aWVzLzcxYjQwMDdlLTU5ODUtNDRkNi1iMTc2LTgyMmFhY2IyY2IyYy5qcGc=,https://www.rottentomatoes.com/m/bugonia,205,"ratio=1.00, exact-title, exact-year, main-title, has-score",2026-04-09T03:14:03.310Z,2026-04-10T00:05:42.712409+00:00,
2025,F1,f1,,F1,matched,F1 The Movie,f1_the_movie,2025,82,97,https://resizing.flixster.com/5Q22ZbwHwgkaD60RZvLq-j6oE9c=/ems.cHJkLWVtcy1hc3NldHMvbW92aWVzL2YyYmY3OGU3LWY2ZDgtNGNhYy04NmJhLWFiZGM2YjM3YTI1Zi5qcGc=,https://www.rottentomatoes.com/m/f1_the_movie,205,"ratio=1.00, exact-title, exact-year, main-title, has-score",2026-04-09T03:14:08.457Z,2026-04-10T00:05:42.712409+00:00,
2025,Frankenstein,frankenstein,10.0,Frankenstein,matched,Frankenstein,frankenstein_2025,2025,85,94,https://resizing.flixster.com/Zz5j775bLo0_Z-G77RAEMRKjB18=/ems.cHJkLWVtcy1hc3NldHMvbW92aWVzL2JmOTJjOWE4LTNlYTAtNGFmMS04NDViLTQ5Njg5Mjc4MzY0Ni5qcGc=,https://www.rottentomatoes.com/m/frankenstein_2025,205,"ratio=1.00, exact-title, exact-year, main-title, has-score",2026-04-09T03:14:03.033Z,2026-04-10T00:05:42.712409+00:00,
2025,Hamnet,hamnet,11.0,Hamnet,matched,Hamnet,hamnet,2025,87,93,https://resizing.flixster.com/6LGQJrao1ZROpy-EoS0WjfPoKkM=/ems.cHJkLWVtcy1hc3NldHMvbW92aWVzLzFlOWU5YmRmLTM4NjItNGFhMy1hN2IwLTMxZmY1NTgxM2I2OC5qcGc=,https://www.rottentomatoes.com/m/hamnet,205,"ratio=1.00, exact-title, exact-year, main-title, has-score",2026-04-09T03:14:09.339Z,2026-04-10T00:05:42.712409+00:00,
2025,It Was Just an Accident,it was just an accident,10.0,It Was Just an Accident,matched,It Was Just an Accident,it_was_just_an_accident,2025,98,93,https://resizing.flixster.com/bJJ57noM7uFLFepE_J7mkM0Mf_4=/ems.cHJkLWVtcy1hc3NldHMvbW92aWVzLzdkOGFlYWU2LTRlZmYtNDMzZS04MDAxLWFmZDVjNzI3MGQ4My5qcGc=,https://www.rottentomatoes.com/m/it_was_just_an_accident,201,"ratio=1.00, exact-title, exact-year, has-score",2026-04-09T03:14:15.282Z,2026-04-10T00:05:42.712409+00:00,
2025,Jay Kelly,jay kelly,11.0,Jay Kelly,matched,Jay Kelly,jay_kelly,2025,75,86,https://resizing.flixster.com/D-nwV-1J_wd1_OtKdA1qurYsN6Y=/ems.cHJkLWVtcy1hc3NldHMvbW92aWVzLzgxMzQ4MjdlLTRjOTctNDA5Zi04ODkxLWU0NGU1OGEyODg0Yi5qcGc=,https://www.rottentomatoes.com/m/jay_kelly,205,"ratio=1.00, exact-title, exact-year, main-title, has-score",2026-04-09T03:14:08.225Z,2026-04-10T00:05:42.712409+00:00,
2025,Marty Supreme,marty supreme,12.0,Marty Supreme,matched,Marty Supreme,marty_supreme,2025,93,82,https://resizing.flixster.com/ctnE9C-eNbOaWPgDjHa7U2bPcoY=/ems.cHJkLWVtcy1hc3NldHMvbW92aWVzL2QzYWQxYzYwLTM3NjgtNDMyMy1iZjBmLWZhYTlhMTU3ZTA5My5qcGc=,https://www.rottentomatoes.com/m/marty_supreme,205,"ratio=1.00, exact-title, exact-year, main-title, has-score",2026-04-09T03:14:10.463Z,2026-04-10T00:05:42.712409+00:00,
2025,No Other Choice,no other choice,9.0,No Other Choice,matched,No Other Choice,no_other_choice,2025,97,93,https://resizing.flixster.com/jmx4yLi00DEubbDPQoxemNRqPsc=/ems.cHJkLWVtcy1hc3NldHMvbW92aWVzL2MyMzQ4M2M5LWEzMTUtNDA4NC05OGMyLTVhYjMxNTE0ZjhhNi5qcGc=,https://www.rottentomatoes.com/m/no_other_choice,201,"ratio=1.00, exact-title, exact-year, has-score",2026-04-09T03:14:09.104Z,2026-04-10T00:05:42.712409+00:00,
2025,One Battle After Another,one battle after another,9.0,One Battle After Another,matched,One Battle After Another,one_battle_after_another,2025,94,85,https://resizing.flixster.com/yepsxuaCu3f7igZnTo2huAOVtCU=/ems.cHJkLWVtcy1hc3NldHMvbW92aWVzLzNhNmQzNDA0LWFhYjQtNDA5Mi04OTMyLTA2Y2U2OWI5ZjVmYS5qcGc=,https://www.rottentomatoes.com/m/one_battle_after_another,205,"ratio=1.00, exact-title, exact-year, main-title, has-score",2026-04-09T03:14:06.560Z,2026-04-10T00:05:42.712409+00:00,
2025,Sentimental Value,sentimental value,11.0,Sentimental Value,matched,Sentimental Value,sentimental_value,2025,95,94,https://resizing.flixster.com/PAUYG-yc_Cx2yQaj92V9FMSByo4=/ems.cHJkLWVtcy1hc3NldHMvbW92aWVzLzk0NDY3OTQzLTBlNDEtNGVmNS05OTRkLWM0NGJlMzgyZjJmMi5qcGc=,https://www.rottentomatoes.com/m/sentimental_value,201,"ratio=1.00, exact-title, exact-year, has-score",2026-04-09T03:14:06.444Z,2026-04-10T00:05:42.712409+00:00,
2025,Sinners,sinners,4.0,Sinners,matched,Sinners,sinners_2025,2025,97,96,https://resizing.flixster.com/VR3Tfr9zpNllsU6RchvnbhGmPkc=/ems.cHJkLWVtcy1hc3NldHMvbW92aWVzL2VhOTdiZDNjLTlmODQtNGNlYi1iZWYwLWNkYjY2YmI5YzZjYS5qcGc=,https://www.rottentomatoes.com/m/sinners_2025,205,"ratio=1.00, exact-title, exact-year, main-title, has-score",2026-04-09T03:14:01.671Z,2026-04-10T00:05:42.712409+00:00,
2025,Sirât,sirat,9.0,Sirât,matched,Sirāt,sirat,2025,90,87,https://resizing.flixster.com/IgES2vRmXvBgdPimlNWlpt2S7Uo=/ems.cHJkLWVtcy1hc3NldHMvbW92aWVzLzMwM2NkOTFkLWVkMmMtNGRlNC04OTE4LTFjZmFlY2ZlY2VlNC5qcGc=,https://www.rottentomatoes.com/m/sirat,201,"ratio=1.00, exact-title, exact-year, has-score",2026-04-09T16:08:31.633Z,2026-04-10T00:05:42.712409+00:00,
2025,The Secret Agent,the secret agent,11.0,The Secret Agent,matched,The Secret Agent,the_secret_agent_2025,2025,98,83,https://resizing.flixster.com/YBTbc6VIpar20XFi7a0tCAPmcd8=/ems.cHJkLWVtcy1hc3NldHMvbW92aWVzLzljMTgwZDBmLWRiYTgtNDZkYi04M2NhLTcxZGZiOTU0N2NhMy5qcGc=,https://www.rottentomatoes.com/m/the_secret_agent_2025,201,"ratio=1.00, exact-title, exact-year, has-score",2026-04-09T03:14:15.550Z,2026-04-10T00:05:42.712409+00:00,
2025,Train Dreams,train dreams,11.0,Train Dreams,matched,Train Dreams,train_dreams,2025,94,91,https://resizing.flixster.com/OcWpaZjoMcz3xWBO1S3PPrjpaaA=/ems.cHJkLWVtcy1hc3NldHMvbW92aWVzLzZjMWRkMThkLWY3YzItNGYyNi05NWI0LTU5YWZlNGU5MjVkOC5qcGc=,https://www.rottentomatoes.com/m/train_dreams,205,"ratio=1.00, exact-title, exact-year, main-title, has-score",2026-04-09T03:14:07.913Z,2026-04-10T00:05:42.712409+00:00,
2025,Wake Up Dead Man: A Knives Out Mystery,wake up dead man a knives out mystery,11.0,Wake Up Dead Man: A Knives Out Mystery,matched,Wake Up Dead Man: A Knives Out Mystery,wake_up_dead_man_a_knives_out_mystery,2025,92,94,https://resizing.flixster.com/cRBFRr5H-cnjivNJctQASgb5TxY=/ems.cHJkLWVtcy1hc3NldHMvbW92aWVzLzljZDQ2NTBkLTFjNTgtNDUxMy04OThlLTM4M2E3ZDI5ZTZmNy5qcGc=,https://www.rottentomatoes.com/m/wake_up_dead_man_a_knives_out_mystery,205,"ratio=1.00, exact-title, exact-year, main-title, has-score",2026-04-09T03:14:07.631Z,2026-04-10T00:05:42.712409+00:00,
2025,Wicked: For Good,wicked for good,11.0,Wicked: For Good,matched,Wicked: For Good,wicked_for_good,2025,66,92,https://resizing.flixster.com/73vo2mteKuX4jKAnDsTUBankCtQ=/ems.cHJkLWVtcy1hc3NldHMvbW92aWVzLzgwNTY3YjgzLTUyYjctNGM0NS1hNjhjLWMxM2NlYzZlNzQ1MC5qcGc=,https://www.rottentomatoes.com/m/wicked_for_good,205,"ratio=1.00, exact-title, exact-year, main-title, has-score",2026-04-09T03:14:02.440Z,2026-04-10T00:05:42.712409+00:00,
2026,People We Meet on Vacation,people we meet on vacation,1.0,People We Meet on Vacation,matched,People We Meet on Vacation,people_we_meet_on_vacation,2026,76,70,https://resizing.flixster.com/25CKNhiKNu9u00Hu_yGUX76PdgA=/ems.cHJkLWVtcy1hc3NldHMvbW92aWVzLzNhZGJmMTVjLWU2ZWMtNDk0Mi1iNjVlLWJhOTBlZGNlMTY3NC5qcGc=,https://www.rottentomatoes.com/m/people_we_meet_on_vacation,205,"ratio=1.00, exact-title, exact-year, main-title, has-score",2026-04-09T16:37:45.575Z,2026-04-10T00:05:42.712409+00:00,
2026,Project Hail Mary,project hail mary,3.0,Project Hail Mary,matched,Project Hail Mary,project_hail_mary,2026,94,96,https://resizing.flixster.com/6EeDwgqrKFi1ADO4k4VzZtrOVhM=/ems.cHJkLWVtcy1hc3NldHMvbW92aWVzL2NlNDNmOTM0LTc3NDctNDcxNi05ZWY1LTQ3NzI0OWIxYTlhNC5qcGc=,https://www.rottentomatoes.com/m/project_hail_mary,205,"ratio=1.00, exact-title, exact-year, main-title, has-score",2026-04-09T23:35:19.754Z,2026-04-10T00:05:42.712409+00:00,
2026,The Bride!,the bride,3.0,The Bride!,matched,THE BRIDE!,the_bride_2026,2026,57,70,https://resizing.flixster.com/z6BFk7MTfmhxPbsNeGPWSOruG4k=/ems.cHJkLWVtcy1hc3NldHMvbW92aWVzLzQwNTljYWI5LWY2OWQtNGU0ZC05ZTFjLWE1ZjUxMmViNDdmYy5qcGc=,https://www.rottentomatoes.com/m/the_bride_2026,205,"ratio=1.00, exact-title, exact-year, main-title, has-score",2026-04-09T23:35:12.795Z,2026-04-10T00:05:42.712409+00:00,
2026,The Rip,the rip,1.0,The Rip,matched,The Rip,the_rip,2026,79,65,https://resizing.flixster.com/RMXC9aHsZxWf--hK5hh-Xbc9YkI=/ems.cHJkLWVtcy1hc3NldHMvbW92aWVzLzlmY2IxNDc3LTNiNTMtNDZjOS1iZjExLTU5Mjk1MmE4ZjQxMC53ZWJw,https://www.rottentomatoes.com/m/the_rip,205,"ratio=1.00, exact-title, exact-year, main-title, has-score",2026-04-09T03:14:51.412Z,2026-04-10T00:05:42.712409+00:00,
2026,The Wrecking Crew,the wrecking crew,1.0,The Wrecking Crew,matched,The Wrecking Crew,the_wrecking_crew_2026,2026,75,67,https://resizing.flixster.com/ASco3Grx3Tvui3S08H3n29wDIP4=/ems.cHJkLWVtcy1hc3NldHMvbW92aWVzL2M3MTY2NGRlLTM2NmEtNGFlMC1hMWQ2LTFlNjQxNGRiNTk5Ny5qcGc=,https://www.rottentomatoes.com/m/the_wrecking_crew_2026,205,"ratio=1.00, exact-title, exact-year, main-title, has-score",2026-04-09T04:35:19.810Z,2026-04-10T00:05:42.712409+00:00,
