year_film,film,tomatometer_rating,audience_rating,rt_release_month,rt_url,poster_url
2000,Chocolat,63.0,83.0,,https://www.rottentomatoes.com/m/chocolat,https://resizing.flixster.com/-XZAfHZM39UwaGJIFWKAE8fS0ak=/v3/t/assets/p26689_p_v8_aa.jpg
2000,"Crouching Tiger, Hidden Dragon",96.0,86.0,,https://www.rottentomatoes.com/m/crouching_tiger_hidden_dragon,https://resizing.flixster.com/huyAd6be-6f54RY3NcfaCS00pgo=/ems.cHJkLWVtcy1hc3NldHMvbW92aWVzLzBjOWM4MTRlLWRjZWUtNDM4NS1hYzEwLWZhOGMxMmMzODg5NS5qcGc=
2000,Erin Brockovich,87.0,81.0,,https://www.rottentomatoes.com/m/erin_brockovich,https://resizing.flixster.com/-XZAfHZM39UwaGJIFWKAE8fS0ak=/v3/t/assets/p24917_p_v11_aa.jpg
2000,Gladiator,80.0,87.0,,https://www.rottentomatoes.com/m/gladiator,https://resizing.flixster.com/-XZAfHZM39UwaGJIFWKAE8fS0ak=/v3/t/assets/p24674_p_v12_bc.jpg
2000,Traffic,93.0,85.0,,https://www.rottentomatoes.com/m/1103281-traffic,https://resizing.flixster.com/-XZAfHZM39UwaGJIFWKAE8fS0ak=/v3/t/assets/p26760_p_v8_ae.jpg
2001,A Beautiful Mind,74.0,93.0,,https://www.rottentomatoes.com/m/beautiful_mind,https://resizing.flixster.com/QmvY5qbZw45ulZNcSkGgBFF7jeU=/ems.cHJkLWVtcy1hc3NldHMvbW92aWVzLzJjMGY0MDkwLTA0YjktNGRhMC1iNWMzLTg5OWRhYTc0ZTcyNy5qcGc=
2001,Gosford Park,87.0,78.0,,https://www.rottentomatoes.com/m/gosford_park,https://resizing.flixster.com/-XZAfHZM39UwaGJIFWKAE8fS0ak=/v3/t/assets/p28812_p_v10_ah.jpg
2001,In the Bedroom,93.0,81.0,,https://www.rottentomatoes.com/m/in_the_bedroom,https://resizing.flixster.com/-XZAfHZM39UwaGJIFWKAE8fS0ak=/v3/t/assets/p25975_p_v10_ab.jpg
2001,Moulin Rouge,75.0,89.0,,https://www.rottentomatoes.com/m/moulin_rouge_2001,https://resizing.flixster.com/kzChGzGwY-apVFVczknOumDNODY=/ems.cHJkLWVtcy1hc3NldHMvbW92aWVzLzYwZmM5MzE1LWIyOWQtNGNiNC1iNDg4LTE2NDRjMTM2MzA2NC53ZWJw
2001,The Lord of the Rings: The Fellowship of the Ring,91.0,95.0,,https://www.rottentomatoes.com/m/the_lord_of_the_rings_the_fellowship_of_the_ring,https://resizing.flixster.com/-XZAfHZM39UwaGJIFWKAE8fS0ak=/v3/t/assets/p28828_p_v8_ao.jpg
2002,Chicago,87.0,83.0,,https://www.rottentomatoes.com/m/chicago,https://resizing.flixster.com/-XZAfHZM39UwaGJIFWKAE8fS0ak=/v3/t/assets/p30995_p_v13_ah.jpg
2002,Gangs of New York,72.0,81.0,,https://www.rottentomatoes.com/m/gangs_of_new_york,https://resizing.flixster.com/-XZAfHZM39UwaGJIFWKAE8fS0ak=/v3/t/assets/p28877_p_v10_as.jpg
2002,The Hours,79.0,84.0,,https://www.rottentomatoes.com/m/hours,https://resizing.flixster.com/-XZAfHZM39UwaGJIFWKAE8fS0ak=/v3/t/assets/p30404_p_v12_aj.jpg
2002,The Lord of the Rings: The Two Towers,95.0,95.0,,https://www.rottentomatoes.com/m/the_lord_of_the_rings_the_two_towers,https://resizing.flixster.com/-XZAfHZM39UwaGJIFWKAE8fS0ak=/v3/t/assets/p30793_p_v8_am.jpg
2002,The Pianist,95.0,96.0,,https://www.rottentomatoes.com/m/pianist,https://resizing.flixster.com/-XZAfHZM39UwaGJIFWKAE8fS0ak=/v3/t/assets/p30193_p_v12_aa.jpg
2003,Lost in Translation,95.0,85.0,,https://www.rottentomatoes.com/m/lost_in_translation,https://resizing.flixster.com/-XZAfHZM39UwaGJIFWKAE8fS0ak=/v3/t/assets/p32966_p_v13_ah.jpg
2003,Master and Commander: The Far Side of the World,85.0,80.0,,https://www.rottentomatoes.com/m/master_and_commander_the_far_side_of_the_world,https://resizing.flixster.com/-XZAfHZM39UwaGJIFWKAE8fS0ak=/v3/t/assets/p31335_p_v8_ab.jpg
2003,Mystic River,89.0,89.0,,https://www.rottentomatoes.com/m/mystic_river,https://resizing.flixster.com/-XZAfHZM39UwaGJIFWKAE8fS0ak=/v3/t/assets/p32186_p_v10_ay.jpg
2003,Seabiscuit,77.0,76.0,,https://www.rottentomatoes.com/m/seabiscuit,https://resizing.flixster.com/-XZAfHZM39UwaGJIFWKAE8fS0ak=/v3/t/assets/p32087_p_v13_ag.jpg
2003,The Lord of the Rings: The Return of the King,94.0,86.0,,https://www.rottentomatoes.com/m/the_lord_of_the_rings_the_return_of_the_king,https://resizing.flixster.com/-XZAfHZM39UwaGJIFWKAE8fS0ak=/v3/t/assets/p33156_p_v8_aq.jpg
2004,Finding Neverland,83.0,87.0,,https://www.rottentomatoes.com/m/finding_neverland,https://resizing.flixster.com/-XZAfHZM39UwaGJIFWKAE8fS0ak=/v3/t/assets/p34951_p_v10_ae.jpg
2004,Million Dollar Baby,90.0,90.0,,https://www.rottentomatoes.com/m/million_dollar_baby,https://resizing.flixster.com/-XZAfHZM39UwaGJIFWKAE8fS0ak=/v3/t/assets/p35226_p_v8_ar.jpg
2004,Ray,80.0,87.0,,https://www.rottentomatoes.com/m/ray,https://resizing.flixster.com/-XZAfHZM39UwaGJIFWKAE8fS0ak=/v3/t/assets/p35003_p_v8_ae.jpg
2004,Sideways,97.0,79.0,,https://www.rottentomatoes.com/m/sideways,https://resizing.flixster.com/-XZAfHZM39UwaGJIFWKAE8fS0ak=/v3/t/assets/p34948_p_v8_an.jpg
2004,The Aviator,86.0,79.0,,https://www.rottentomatoes.com/m/aviator,https://resizing.flixster.com/-XZAfHZM39UwaGJIFWKAE8fS0ak=/v3/t/assets/p35190_p_v8_aj.jpg
2005,Brokeback Mountain,88.0,82.0,,https://www.rottentomatoes.com/m/brokeback_mountain,https://resizing.flixster.com/jgvAYJCG2HJh8uNwM1u-yAQ79Ug=/ems.cHJkLWVtcy1hc3NldHMvbW92aWVzL2ZlMGJjZDQ1LWY4YjMtNGQ1My1iZmNmLTk1NzhjNjc2Mzg1ZC5qcGc=
2005,Capote,89.0,82.0,,https://www.rottentomatoes.com/m/1151898-capote,https://resizing.flixster.com/-XZAfHZM39UwaGJIFWKAE8fS0ak=/v3/t/assets/p90443_p_v8_aa.jpg
2005,Crash,73.0,88.0,,https://www.rottentomatoes.com/m/1144992-crash,https://resizing.flixster.com/-XZAfHZM39UwaGJIFWKAE8fS0ak=/v3/t/assets/p35710_p_v12_aq.jpg
2005,"Good Night, and Good Luck.",93.0,83.0,,https://www.rottentomatoes.com/m/1152019-good_night_and_good_luck,https://resizing.flixster.com/-XZAfHZM39UwaGJIFWKAE8fS0ak=/v3/t/assets/p89817_p_v8_ac.jpg
2005,Munich,79.0,83.0,,https://www.rottentomatoes.com/m/munich,https://resizing.flixster.com/-XZAfHZM39UwaGJIFWKAE8fS0ak=/v3/t/assets/p159722_p_v13_aw.jpg
2006,Babel,68.0,77.0,,https://www.rottentomatoes.com/m/babel,https://resizing.flixster.com/-XZAfHZM39UwaGJIFWKAE8fS0ak=/v3/t/assets/p161617_p_v10_an.jpg
2006,Letters from Iwo Jima,91.0,86.0,,https://www.rottentomatoes.com/m/letters_from_iwo_jima,https://resizing.flixster.com/-XZAfHZM39UwaGJIFWKAE8fS0ak=/v3/t/assets/p164369_p_v10_aa.jpg
2006,Little Miss Sunshine,91.0,91.0,,https://www.rottentomatoes.com/m/little_miss_sunshine,https://resizing.flixster.com/yGlyKz6aN6j-218YipCnLF8kK3s=/ems.cHJkLWVtcy1hc3NldHMvbW92aWVzL2M1ZjJjN2VkLTcwZjMtNDNmYy1iMzk0LWYzNzdiOGExMzE1OC5qcGc=
2006,The Departed,91.0,94.0,,https://www.rottentomatoes.com/m/departed,https://resizing.flixster.com/-XZAfHZM39UwaGJIFWKAE8fS0ak=/v3/t/assets/p162564_p_v8_ag.jpg
2006,The Queen,97.0,76.0,,https://www.rottentomatoes.com/m/the_queen,https://resizing.flixster.com/-XZAfHZM39UwaGJIFWKAE8fS0ak=/v3/t/assets/p162029_p_v8_aj.jpg
2007,Atonement,83.0,80.0,,https://www.rottentomatoes.com/m/atonement,https://resizing.flixster.com/-XZAfHZM39UwaGJIFWKAE8fS0ak=/v3/t/assets/p167496_p_v11_am.jpg
2007,Juno,93.0,88.0,,https://www.rottentomatoes.com/m/juno,https://resizing.flixster.com/-XZAfHZM39UwaGJIFWKAE8fS0ak=/v3/t/assets/p172418_p_v10_an.jpg
2007,Michael Clayton,90.0,69.0,,https://www.rottentomatoes.com/m/michael_clayton,https://resizing.flixster.com/-XZAfHZM39UwaGJIFWKAE8fS0ak=/v3/t/assets/p166244_p_v13_ag.jpg
2007,No Country for Old Men,93.0,86.0,,https://www.rottentomatoes.com/m/no_country_for_old_men,https://resizing.flixster.com/-XZAfHZM39UwaGJIFWKAE8fS0ak=/v3/t/assets/p170313_p_v10_as.jpg
2007,There Will Be Blood,91.0,86.0,,https://www.rottentomatoes.com/m/there_will_be_blood,https://resizing.flixster.com/-XZAfHZM39UwaGJIFWKAE8fS0ak=/v3/t/assets/p171565_p_v8_aa.jpg
2008,Frost/Nixon,93.0,88.0,,https://www.rottentomatoes.com/m/frostnixon,https://resizing.flixster.com/M1kUcMqjiT7DiYLOJ0lTMiy0mug=/ems.cHJkLWVtcy1hc3NldHMvbW92aWVzLzZmYzgzOWY1LWZkNGMtNDgzOS04ZmNkLTk4YTIwMmJhZTVmYi5qcGc=
2008,Milk,93.0,89.0,,https://www.rottentomatoes.com/m/milk,https://resizing.flixster.com/-XZAfHZM39UwaGJIFWKAE8fS0ak=/v3/t/assets/p181230_p_v12_ax.jpg
2008,Slumdog Millionaire,92.0,90.0,,https://www.rottentomatoes.com/m/slumdog_millionaire,https://resizing.flixster.com/-XZAfHZM39UwaGJIFWKAE8fS0ak=/v3/t/assets/p179969_p_v10_ae.jpg
2008,The Curious Case of Benjamin Button,72.0,80.0,,https://www.rottentomatoes.com/m/curious_case_of_benjamin_button,https://resizing.flixster.com/-XZAfHZM39UwaGJIFWKAE8fS0ak=/v3/t/assets/p170920_p_v8_am.jpg
2008,The Reader,63.0,79.0,,https://www.rottentomatoes.com/m/reader,https://resizing.flixster.com/-XZAfHZM39UwaGJIFWKAE8fS0ak=/v3/t/assets/p188151_p_v10_ak.jpg
2009,A Serious Man,89.0,68.0,,https://www.rottentomatoes.com/m/a_serious_man,https://resizing.flixster.com/-XZAfHZM39UwaGJIFWKAE8fS0ak=/v3/t/assets/p3531873_p_v8_as.jpg
2009,An Education,94.0,80.0,,https://www.rottentomatoes.com/m/an_education,https://resizing.flixster.com/-XZAfHZM39UwaGJIFWKAE8fS0ak=/v3/t/assets/p194062_p_v8_at.jpg
2009,Avatar,81.0,82.0,,https://www.rottentomatoes.com/m/avatar,https://resizing.flixster.com/f0bXqQUdQ0m6fyqZjI1OXSEia9E=/ems.cHJkLWVtcy1hc3NldHMvbW92aWVzLzEzYmY3ZmZiLWMzYjEtNDQxMy05NTAxLTc2YTRlNmE3NWY2MC5qcGc=
2009,District 9,90.0,82.0,,https://www.rottentomatoes.com/m/district_9,https://resizing.flixster.com/-XZAfHZM39UwaGJIFWKAE8fS0ak=/v3/t/assets/p177953_p_v8_ae.jpg
2009,Inglourious Basterds,89.0,88.0,,https://www.rottentomatoes.com/m/inglourious_basterds,https://resizing.flixster.com/DLemRBRXqF0CvvXioxFCWBG2suo=/ems.cHJkLWVtcy1hc3NldHMvbW92aWVzLzZkYWFiY2VjLTM2ODAtNGU2Yy05NDM2LTk3MGVlYjFlZjc1Yi53ZWJw
2009,Precious: Based on the Novel 'Push' by Sapphire,92.0,77.0,,https://www.rottentomatoes.com/m/precious,https://resizing.flixster.com/-XZAfHZM39UwaGJIFWKAE8fS0ak=/v3/t/assets/p195165_p_v10_ae.jpg
2009,The Blind Side,66.0,85.0,,https://www.rottentomatoes.com/m/1212694-blind_side,https://resizing.flixster.com/p5W6G-TGOMIivxUYWi9xa_z1wI0=/ems.cHJkLWVtcy1hc3NldHMvbW92aWVzLzlhMWUwOWI5LWI4ZTAtNGFhYS1hNzYzLWI2M2Q5Y2U1ODk4YS5qcGc=
2009,The Hurt Locker,96.0,84.0,,https://www.rottentomatoes.com/m/the_hurt_locker,https://resizing.flixster.com/-XZAfHZM39UwaGJIFWKAE8fS0ak=/v3/t/assets/p197175_p_v10_aa.jpg
2009,Up,98.0,90.0,,https://www.rottentomatoes.com/m/up,https://resizing.flixster.com/-XZAfHZM39UwaGJIFWKAE8fS0ak=/v3/t/assets/p190662_p_v12_ay.jpg
2009,Up in the Air,90.0,79.0,,https://www.rottentomatoes.com/m/up_in_the_air_2009,https://resizing.flixster.com/-XZAfHZM39UwaGJIFWKAE8fS0ak=/v3/t/assets/p3600392_p_v8_av.jpg
2010,127 Hours,93.0,85.0,,https://www.rottentomatoes.com/m/127_hours,https://resizing.flixster.com/-XZAfHZM39UwaGJIFWKAE8fS0ak=/v3/t/assets/p8236871_p_v10_ba.jpg
2010,Black Swan,85.0,84.0,,https://www.rottentomatoes.com/m/black_swan_2010,https://resizing.flixster.com/reW7yr9NqiOyj8njHA-L6MWiTuY=/ems.cHJkLWVtcy1hc3NldHMvbW92aWVzLzUxMDk1OGJmLWU0ZjEtNGMwYS1iODMzLWY0YjAxOGI3NzA1Ni5qcGc=
2010,Inception,87.0,91.0,,https://www.rottentomatoes.com/m/inception,https://resizing.flixster.com/-XZAfHZM39UwaGJIFWKAE8fS0ak=/v3/t/assets/p7825626_p_v10_ae.jpg
2010,The Fighter,91.0,89.0,,https://www.rottentomatoes.com/m/the_fighter_2011,https://resizing.flixster.com/FQZs2ADoIKn9nM1CO4zpOqds_-A=/ems.cHJkLWVtcy1hc3NldHMvbW92aWVzL2RiNGI1ZmE5LTdmM2QtNGY4ZC04MjA5LTAzYTU5NmNjNDFlZi5qcGc=
2010,The Kids Are All Right,93.0,74.0,,https://www.rottentomatoes.com/m/10012141-kids_are_all_right,https://resizing.flixster.com/-XZAfHZM39UwaGJIFWKAE8fS0ak=/v3/t/assets/p8020470_p_v8_ar.jpg
2010,The King's Speech,94.0,92.0,,https://www.rottentomatoes.com/m/the_kings_speech,https://resizing.flixster.com/-XZAfHZM39UwaGJIFWKAE8fS0ak=/v3/t/assets/p8073374_p_v10_ad.jpg
2010,The Social Network,96.0,87.0,,https://www.rottentomatoes.com/m/the-social-network,https://resizing.flixster.com/SmUywWzlQcOaUEdbnh6F88PrlxE=/ems.cHJkLWVtcy1hc3NldHMvbW92aWVzLzRmNjEyZjdmLWM1ZDktNDFjNS1hYWIyLWU1ZjhmOTU2ODk0ZS5qcGc=
2010,Toy Story 3,98.0,90.0,,https://www.rottentomatoes.com/m/toy_story_3,https://resizing.flixster.com/F4qdcvTFMYoEmut3WmhBVmYeSVI=/ems.cHJkLWVtcy1hc3NldHMvbW92aWVzLzlhZDg3ZjU1LTk3ZTAtNDMzMC04MzliLTNiMzE5YmQ3ZDQ4OC53ZWJw
2010,True Grit,95.0,85.0,,https://www.rottentomatoes.com/m/true_grit_2010,https://resizing.flixster.com/-XZAfHZM39UwaGJIFWKAE8fS0ak=/v3/t/assets/p8160526_p_v8_ae.jpg
2010,Winter's Bone,94.0,76.0,,https://www.rottentomatoes.com/m/10012136-winters_bone,https://resizing.flixster.com/-XZAfHZM39UwaGJIFWKAE8fS0ak=/v3/t/assets/p8034490_p_v12_aa.jpg
2011,Extremely Loud & Incredibly Close,45.0,61.0,,https://www.rottentomatoes.com/m/extremely_loud_and_incredibly_close,https://resizing.flixster.com/-XZAfHZM39UwaGJIFWKAE8fS0ak=/v3/t/assets/p8743169_p_v8_an.jpg
2011,Hugo,93.0,78.0,,https://www.rottentomatoes.com/m/hugo,https://resizing.flixster.com/-XZAfHZM39UwaGJIFWKAE8fS0ak=/v3/t/assets/p8403456_p_v10_aq.jpg
2011,Midnight in Paris,93.0,83.0,,https://www.rottentomatoes.com/m/midnight_in_paris,https://resizing.flixster.com/-XZAfHZM39UwaGJIFWKAE8fS0ak=/v3/t/assets/p8526590_p_v10_aa.jpg
2011,Moneyball,94.0,86.0,,https://www.rottentomatoes.com/m/moneyball,https://resizing.flixster.com/-XZAfHZM39UwaGJIFWKAE8fS0ak=/v3/t/assets/p8417791_p_v10_ag.jpg
2011,The Artist,95.0,87.0,,https://www.rottentomatoes.com/m/the_artist,https://resizing.flixster.com/-XZAfHZM39UwaGJIFWKAE8fS0ak=/v3/t/assets/p8725913_p_v8_aa.jpg
2011,The Descendants,88.0,79.0,,https://www.rottentomatoes.com/m/the_descendants_2011,https://resizing.flixster.com/-XZAfHZM39UwaGJIFWKAE8fS0ak=/v3/t/assets/p8701268_p_v12_aj.jpg
2011,The Help,75.0,89.0,,https://www.rottentomatoes.com/m/the_help,https://resizing.flixster.com/-XZAfHZM39UwaGJIFWKAE8fS0ak=/v3/t/assets/p8554431_p_v8_av.jpg
2011,The Tree of Life,86.0,60.0,,https://www.rottentomatoes.com/m/the_tree_of_life,https://resizing.flixster.com/-XZAfHZM39UwaGJIFWKAE8fS0ak=/v3/t/assets/p7815546_p_v13_bc.jpg
2011,War Horse,74.0,74.0,,https://www.rottentomatoes.com/m/war_horse,https://resizing.flixster.com/-XZAfHZM39UwaGJIFWKAE8fS0ak=/v3/t/assets/p8618532_p_v8_ae.jpg
2012,Amour,93.0,82.0,,https://www.rottentomatoes.com/m/amour_2013,https://resizing.flixster.com/-XZAfHZM39UwaGJIFWKAE8fS0ak=/v3/t/assets/p9286157_p_v10_aj.jpg
2012,Argo,96.0,90.0,,https://www.rottentomatoes.com/m/argo_2012,https://resizing.flixster.com/-XZAfHZM39UwaGJIFWKAE8fS0ak=/v3/t/assets/p9128357_p_v10_an.jpg
2012,Beasts of the Southern Wild,87.0,76.0,,https://www.rottentomatoes.com/m/beasts_of_the_southern_wild,https://resizing.flixster.com/-XZAfHZM39UwaGJIFWKAE8fS0ak=/v3/t/assets/p9026955_p_v8_ap.jpg
2012,Django Unchained,87.0,92.0,,https://www.rottentomatoes.com/m/django_unchained_2012,https://resizing.flixster.com/-XZAfHZM39UwaGJIFWKAE8fS0ak=/v3/t/assets/p9287010_p_v12_at.jpg
2012,Les Misérables,70.0,79.0,,https://www.rottentomatoes.com/m/les_miserables_2012,https://resizing.flixster.com/1zLOrsw_MLsSBZqw8mpjTbdpUQE=/ems.cHJkLWVtcy1hc3NldHMvbW92aWVzLzY5MDI2ZTQ5LTU2NDItNDBiZC04OTJiLWRkYTdkOWIyN2VmNC5qcGc=
2012,Life of Pi,86.0,84.0,,https://www.rottentomatoes.com/m/life-of-pi,https://resizing.flixster.com/-XZAfHZM39UwaGJIFWKAE8fS0ak=/v3/t/assets/p9227710_p_v10_ai.jpg
2012,Lincoln,89.0,80.0,,https://www.rottentomatoes.com/m/lincoln_2011,https://resizing.flixster.com/l3Wo9iTyQ0Z4F9TJBRZSBRe7ZEU=/ems.cHJkLWVtcy1hc3NldHMvbW92aWVzLzMwMDkyOGZjLTE2ZDAtNGM4My05YjQwLTI1NDc3NmFjOGRlMC5qcGc=
2012,Silver Linings Playbook,92.0,86.0,,https://www.rottentomatoes.com/m/silver_linings_playbook,https://resizing.flixster.com/-XZAfHZM39UwaGJIFWKAE8fS0ak=/v3/t/NowShowing/118336/118336_aa.jpg
2012,Zero Dark Thirty,91.0,80.0,,https://www.rottentomatoes.com/m/zero_dark_thirty,https://resizing.flixster.com/-XZAfHZM39UwaGJIFWKAE8fS0ak=/v3/t/assets/p9400738_p_v8_az.jpg
2013,12 Years a Slave,95.0,90.0,,https://www.rottentomatoes.com/m/12_years_a_slave,https://resizing.flixster.com/-XZAfHZM39UwaGJIFWKAE8fS0ak=/v3/t/assets/p10029562_p_v10_ac.jpg
2013,American Hustle,92.0,74.0,,https://www.rottentomatoes.com/m/american_hustle,https://resizing.flixster.com/-XZAfHZM39UwaGJIFWKAE8fS0ak=/v3/t/assets/p10016553_p_v10_al.jpg
2013,Captain Phillips,93.0,89.0,,https://www.rottentomatoes.com/m/captain_phillips,https://resizing.flixster.com/-XZAfHZM39UwaGJIFWKAE8fS0ak=/v3/t/assets/p9968629_p_v8_au.jpg
2013,Dallas Buyers Club,92.0,91.0,,https://www.rottentomatoes.com/m/dallas_buyers_club,https://resizing.flixster.com/72_81psbYL7_h-NdYzz7P8nSYxg=/ems.cHJkLWVtcy1hc3NldHMvbW92aWVzL2QxYWM4N2M4LTc1MDUtNGIyMi05MWI2LWNhMWNjYWQ4MzAzNS5qcGc=
2013,Gravity,96.0,79.0,,https://www.rottentomatoes.com/m/gravity_2013,https://resizing.flixster.com/-XZAfHZM39UwaGJIFWKAE8fS0ak=/v3/t/assets/p9248657_p_v8_ak.jpg
2013,Her,95.0,82.0,,https://www.rottentomatoes.com/m/her,https://resizing.flixster.com/-XZAfHZM39UwaGJIFWKAE8fS0ak=/v3/t/assets/p9991186_p_v10_ag.jpg
2013,Nebraska,90.0,83.0,,https://www.rottentomatoes.com/m/nebraska,https://resizing.flixster.com/-XZAfHZM39UwaGJIFWKAE8fS0ak=/v3/t/assets/p9991634_p_v12_ac.jpg
2013,Philomena,91.0,89.0,,https://www.rottentomatoes.com/m/philomena,https://resizing.flixster.com/-XZAfHZM39UwaGJIFWKAE8fS0ak=/v3/t/assets/p10197066_p_v13_ap.jpg
2013,The Wolf of Wall Street,79.0,83.0,,https://www.rottentomatoes.com/m/the_wolf_of_wall_street_2013,https://resizing.flixster.com/-XZAfHZM39UwaGJIFWKAE8fS0ak=/v3/t/assets/p9991602_p_v12_aj.jpg
2014,American Sniper,71.0,84.0,,https://www.rottentomatoes.com/m/american_sniper,https://resizing.flixster.com/-XZAfHZM39UwaGJIFWKAE8fS0ak=/v3/t/assets/p10991238_p_v8_ay.jpg
2014,Birdman or (The Unexpected Virtue of Ignorance),91.0,78.0,,https://www.rottentomatoes.com/m/birdman_2014,https://resizing.flixster.com/-XZAfHZM39UwaGJIFWKAE8fS0ak=/v3/t/assets/p10726435_p_v8_am.jpg
2014,Boyhood,97.0,80.0,,https://www.rottentomatoes.com/m/boyhood,https://resizing.flixster.com/-XZAfHZM39UwaGJIFWKAE8fS0ak=/v3/t/assets/p10673530_p_v8_aa.jpg
2014,Selma,99.0,86.0,,https://www.rottentomatoes.com/m/selma,https://resizing.flixster.com/Lk4Rbo-fk3X7QMms30fcwVyFAFg=/ems.cHJkLWVtcy1hc3NldHMvbW92aWVzL2I4YWYyNTM4LTlkZTAtNDA0NS05OTRhLWFmYWNlZGQ1Y2RiYS53ZWJw
2014,The Grand Budapest Hotel,92.0,87.0,,https://www.rottentomatoes.com/m/the_grand_budapest_hotel,https://resizing.flixster.com/-XZAfHZM39UwaGJIFWKAE8fS0ak=/v3/t/assets/p10295153_p_v8_at.jpg
2014,The Imitation Game,90.0,91.0,,https://www.rottentomatoes.com/m/the_imitation_game,https://resizing.flixster.com/-XZAfHZM39UwaGJIFWKAE8fS0ak=/v3/t/assets/p10771057_p_v12_av.jpg
2014,The Theory of Everything,81.0,84.0,,https://www.rottentomatoes.com/m/the_theory_of_everything_2014,https://resizing.flixster.com/-XZAfHZM39UwaGJIFWKAE8fS0ak=/v3/t/assets/p10704182_p_v10_ae.jpg
2014,Whiplash,94.0,94.0,,https://www.rottentomatoes.com/m/whiplash_2014,https://resizing.flixster.com/-XZAfHZM39UwaGJIFWKAE8fS0ak=/v3/t/assets/p10488558_p_v12_ai.jpg
2015,Bridge of Spies,91.0,87.0,10.0,https://www.rottentomatoes.com/m/bridge_of_spies,https://resizing.flixster.com/-XZAfHZM39UwaGJIFWKAE8fS0ak=/v3/t/assets/p11819886_p_v13_ap.jpg
2015,Brooklyn,97.0,87.0,11.0,https://www.rottentomatoes.com/m/brooklyn,https://resizing.flixster.com/-XZAfHZM39UwaGJIFWKAE8fS0ak=/v3/t/assets/p11436766_p_v8_ak.jpg
2015,Mad Max: Fury Road,97.0,86.0,5.0,https://www.rottentomatoes.com/m/mad_max_fury_road,https://resizing.flixster.com/-XZAfHZM39UwaGJIFWKAE8fS0ak=/v3/t/assets/p10854488_p_v8_ac.jpg
2015,Room,93.0,93.0,10.0,https://www.rottentomatoes.com/m/room_2015,https://resizing.flixster.com/-XZAfHZM39UwaGJIFWKAE8fS0ak=/v3/t/assets/p12008673_p_v8_ad.jpg
2015,Spotlight,97.0,93.0,11.0,https://www.rottentomatoes.com/m/spotlight_2015,https://resizing.flixster.com/-XZAfHZM39UwaGJIFWKAE8fS0ak=/v3/t/assets/p11897076_p_v7_an.jpg
2015,The Big Short,89.0,88.0,12.0,https://www.rottentomatoes.com/m/the_big_short,https://resizing.flixster.com/-XZAfHZM39UwaGJIFWKAE8fS0ak=/v3/t/assets/p12157971_p_v13_al.jpg
2015,The Martian,91.0,91.0,10.0,https://www.rottentomatoes.com/m/the_martian,https://resizing.flixster.com/-XZAfHZM39UwaGJIFWKAE8fS0ak=/v3/t/assets/p10980706_p_v13_ar.jpg
2015,The Revenant,78.0,84.0,12.0,https://www.rottentomatoes.com/m/the_revenant_2015,https://resizing.flixster.com/-XZAfHZM39UwaGJIFWKAE8fS0ak=/v3/t/assets/p11598208_p_v13_bh.jpg
2016,Arrival,94.0,83.0,11.0,https://www.rottentomatoes.com/m/arrival_2016,https://resizing.flixster.com/owvDIZEFYCeWRHjrtw8LsmTaFzg=/ems.cHJkLWVtcy1hc3NldHMvbW92aWVzLzBlNjgwNTY3LTgzZGUtNDBkYi05MmRjLTVjZTY2ZmM5YWIxMi53ZWJw
2016,Fences,92.0,75.0,12.0,https://www.rottentomatoes.com/m/fences_2016,https://resizing.flixster.com/-b7TI-omXiLqXUnDDldxKBxmb4U=/ems.cHJkLWVtcy1hc3NldHMvbW92aWVzLzEwYmJkMDRiLTU5MjgtNDIxYy1hZDhiLWE4MTY3NTNhZWU3Ny53ZWJw
2016,Hacksaw Ridge,84.0,92.0,11.0,https://www.rottentomatoes.com/m/hacksaw_ridge,https://resizing.flixster.com/fqHoVM9U_V4nCyJ2011Tjmrw-Bk=/ems.cHJkLWVtcy1hc3NldHMvbW92aWVzLzM3MGVkZTFlLTZmNWMtNDgwYS04NjFlLTg3OWE3OWU5MDk2YS53ZWJw
2016,Hell or High Water,97.0,89.0,8.0,https://www.rottentomatoes.com/m/hell_or_high_water,https://resizing.flixster.com/W-yshypUyj6dWOsWnC_MXc0_zmc=/ems.cHJkLWVtcy1hc3NldHMvbW92aWVzLzBkZTQ2N2UyLTg1YjQtNDRjMS1hNTEyLTVlZmI2ZWE2YjI0Ny53ZWJw
2016,Hidden Figures,93.0,93.0,12.0,https://www.rottentomatoes.com/m/hidden_figures,https://resizing.flixster.com/CG6d3aZ2Fx_C-XzPoISZG2WC1TY=/ems.cHJkLWVtcy1hc3NldHMvbW92aWVzLzhjZGE3MTgzLTRlMTktNDQyZS04ODQzLWVhNDE5MWM5MmI0ZS53ZWJw
2016,La La Land,91.0,82.0,12.0,https://www.rottentomatoes.com/m/la_la_land,https://resizing.flixster.com/qrwaHhY7g8sv_HP3fH-zXwyFtME=/ems.cHJkLWVtcy1hc3NldHMvbW92aWVzL2U1ZDIyYTgzLWQxYjctNGY2MC1iNDRiLTYwZTBmOGEwOWM5Mi53ZWJw
2016,Lion,84.0,91.0,11.0,https://www.rottentomatoes.com/m/lion_2016,https://resizing.flixster.com/ptes-Egc_-9tUp8pir_VJl4J9fw=/ems.cHJkLWVtcy1hc3NldHMvbW92aWVzL2I0NzMwNjdkLTYzNWMtNGU1YS04YjYyLTQyMjQwMzEzYzU3Ni53ZWJw
2016,Manchester by the Sea,96.0,78.0,11.0,https://www.rottentomatoes.com/m/manchester_by_the_sea,https://resizing.flixster.com/Md43y6frN-sFNDW6VvaJuCMkSi8=/ems.cHJkLWVtcy1hc3NldHMvbW92aWVzLzVhNDgyZGIwLTRlZTYtNGE4OC1iZTA1LTY0NWQ3ZThjYzc4MS53ZWJw
2016,Moonlight,98.0,79.0,10.0,https://www.rottentomatoes.com/m/moonlight_2016,https://resizing.flixster.com/HE1uYAymQPCdYxRQ4SQHAOmKE60=/ems.cHJkLWVtcy1hc3NldHMvbW92aWVzLzQ1MTIzMDlhLWJiMWUtNGVhOS05MjFhLTkyMjVmNDkzNDA5Yi53ZWJw
2017,Call Me by Your Name,95.0,86.0,11.0,https://www.rottentomatoes.com/m/call_me_by_your_name,https://resizing.flixster.com/GR7S7lf9u9iCxy-rQIYOLVQIOL0=/ems.cHJkLWVtcy1hc3NldHMvbW92aWVzLzJkOGVlYzY1LTA2YjItNDc5My1hZDk5LTM3MGJjMWIyYmIxYS53ZWJw
2017,Darkest Hour,84.0,83.0,11.0,https://www.rottentomatoes.com/m/darkest_hour_2017,https://resizing.flixster.com/R2zGsQrVcJJG-0US45kyEU-agaU=/ems.cHJkLWVtcy1hc3NldHMvbW92aWVzLzg3MjhlMzc3LTczMWEtNDliZi05MjA1LThlNTU3Zjk3MWRmZi53ZWJw
2017,Dunkirk,92.0,81.0,7.0,https://www.rottentomatoes.com/m/dunkirk_2017,https://resizing.flixster.com/Q8brnMSWFLzW9S2nPmfqAYdQRQg=/ems.cHJkLWVtcy1hc3NldHMvbW92aWVzL2I1MWE0NTljLTA3ODgtNDZkYy04NTcwLTgzMzg3ZjRmMzRhNC53ZWJw
2017,Get Out,98.0,86.0,2.0,https://www.rottentomatoes.com/m/get_out,https://resizing.flixster.com/-XZAfHZM39UwaGJIFWKAE8fS0ak=/v3/t/assets/p13365032_p_v8_bb.jpg
2017,Lady Bird,99.0,79.0,11.0,https://www.rottentomatoes.com/m/lady_bird,https://resizing.flixster.com/LOtla2hZ_dEZ8mLjLKYYUX5NLyo=/ems.cHJkLWVtcy1hc3NldHMvbW92aWVzLzI4MjU0NjdiLTMwYTQtNDVmNy1hYjdjLWYwNTk5NTc0MGQ3MC53ZWJw
2017,Phantom Thread,91.0,71.0,12.0,https://www.rottentomatoes.com/m/phantom_thread,https://resizing.flixster.com/bFDoqmvPGUHzolVNXKvypEFD3ao=/ems.cHJkLWVtcy1hc3NldHMvbW92aWVzLzUzYjUyMzY1LWRhNzMtNDcyYS05ZjY4LWVmMzA0MjA5ZTY5Yy53ZWJw
2017,The Post,88.0,74.0,12.0,https://www.rottentomatoes.com/m/the_post,https://resizing.flixster.com/b1_Zsvx8AowcizYoz8nLdhuc3bI=/ems.cHJkLWVtcy1hc3NldHMvbW92aWVzL2Y2ZjMyMTdiLTg4ZDItNGQ5ZS05ZjA0LTVlYjdlMmNiZWZlZC53ZWJw
2017,The Shape of Water,92.0,73.0,12.0,https://www.rottentomatoes.com/m/the_shape_of_water_2017,https://resizing.flixster.com/a1USHwfsu8Hi78cwXv6MGWi2lOY=/ems.cHJkLWVtcy1hc3NldHMvbW92aWVzL2RmNjViZTE4LTQ1MGEtNDRhZC1hZTQwLWM4MTY4YTBmZmVlZi53ZWJw
2017,"Three Billboards outside Ebbing, Missouri",90.0,87.0,11.0,https://www.rottentomatoes.com/m/three_billboards_outside_ebbing_missouri,https://resizing.flixster.com/Zd8kHAMa3SRSR2WgqQLOpVJD_Wg=/ems.cHJkLWVtcy1hc3NldHMvbW92aWVzLzQ4NGIxYWEyLWU0ZjAtNGNhYy05YjM0LTViMGYwNzEwNWJmYy53ZWJw
2018,A Star Is Born,90.0,80.0,10.0,https://www.rottentomatoes.com/m/a_star_is_born_2018,https://resizing.flixster.com/jmpKZR-GAGYWjZpXu25ndlHpD7w=/ems.cHJkLWVtcy1hc3NldHMvbW92aWVzLzQyNWM2MmY3LTkyMTctNDU1YS1hNDk1LTBjNDBlNmE1NmQzZi53ZWJw
2018,BlacKkKlansman,96.0,83.0,8.0,https://www.rottentomatoes.com/m/blackkklansman,https://resizing.flixster.com/KoCmKfVhBorDKVtN-DRHCOuJOY8=/ems.cHJkLWVtcy1hc3NldHMvbW92aWVzLzJiOWE0ZDFlLTAwMTctNGJlZS05OWYyLTU1NWQ3ZDk3OWUxZS53ZWJw
2018,Black Panther,96.0,79.0,2.0,https://www.rottentomatoes.com/m/black_panther_2018,https://resizing.flixster.com/KBlur3LaA-y1U1yt6_Y2uO25ozA=/ems.cHJkLWVtcy1hc3NldHMvbW92aWVzLzMxOGI1YzBhLWMyMjEtNGUxMS1iM2Q0LWQ4OGMyYzQyZjQyYS53ZWJw
2018,Bohemian Rhapsody,60.0,85.0,11.0,https://www.rottentomatoes.com/m/bohemian_rhapsody,https://resizing.flixster.com/O_8EbgorSfj8YGWHPvQ2TQeVY0U=/ems.cHJkLWVtcy1hc3NldHMvbW92aWVzL2I4MTk1NWE1LTQ2YjctNDMxMC1hYWRjLTU3NjYzOGE2YWM0ZC53ZWJw
2018,Green Book,77.0,92.0,11.0,https://www.rottentomatoes.com/m/green_book,https://resizing.flixster.com/jQBU3teZvGljzA2dVa4qp-3BXe0=/ems.cHJkLWVtcy1hc3NldHMvbW92aWVzLzM5ZGFmNTRhLThhM2EtNDM3Ny1iOGViLTk1ZDBhNWJiZTg0Ni53ZWJw
2018,Roma,96.0,72.0,11.0,https://www.rottentomatoes.com/m/roma_2018,https://resizing.flixster.com/MvoVTcwumpYhVPrgSTDR5MjP4lQ=/ems.cHJkLWVtcy1hc3NldHMvbW92aWVzL2RlZGU3NzUwLWI3ZDAtNGQyZS1iZGNmLTdhOWM2ODc1ZjMwNS53ZWJw
2018,The Favourite,93.0,71.0,11.0,https://www.rottentomatoes.com/m/the_favourite_2018,https://resizing.flixster.com/_DUuDQuAIxxHtAqvyvM8zR9vDOI=/ems.cHJkLWVtcy1hc3NldHMvbW92aWVzLzk4NTJmNjE1LTE4YjEtNDY1OC1iMWViLTg1YTFhYzJjOGM5Yy53ZWJw
2018,Vice,64.0,61.0,12.0,https://www.rottentomatoes.com/m/vice_2018,https://resizing.flixster.com/WW-GFyqisJWPkYUc2dRuF8x4K-E=/ems.cHJkLWVtcy1hc3NldHMvbW92aWVzL2FlZDhlM2E2LWM0YjYtNDg4Yy05Y2FjLTQyMGMwNGM3ZDE2ZC53ZWJw
2019,1917,88.0,88.0,12.0,https://www.rottentomatoes.com/m/1917_2019,https://resizing.flixster.com/hu80cOh-9NU_eottnuVgtP_nW54=/ems.cHJkLWVtcy1hc3NldHMvbW92aWVzL2ZlMTgyZjNiLTIxMDQtNGE4Mi05ZjAxLTlhNjk3YTdkMDYxNi53ZWJw
2019,Ford v Ferrari,92.0,98.0,11.0,https://www.rottentomatoes.com/m/ford_v_ferrari,https://resizing.flixster.com/57WJsL4p6a3Q0O-xSSbus4KI8X0=/ems.cHJkLWVtcy1hc3NldHMvbW92aWVzLzZjNWVkN2M3LTUyNjYtNGRhMi1hMjYxLWY5ZDc1MDViZDVhMS53ZWJw
2019,Jojo Rabbit,81.0,94.0,10.0,https://www.rottentomatoes.com/m/jojo_rabbit,https://resizing.flixster.com/Gk3Rsra8pCfIegb-rwk_hQs5Nt4=/ems.cHJkLWVtcy1hc3NldHMvbW92aWVzLzgyNjc5YzczLTAyNmMtNDk5MC1iZDYzLWNmNDg4MjAwMDM2MC53ZWJw
2019,Joker,68.0,89.0,10.0,https://www.rottentomatoes.com/m/joker_2019,https://resizing.flixster.com/YrgoDA1swmWoj7JbfGNWsJ1Y4vc=/ems.cHJkLWVtcy1hc3NldHMvbW92aWVzLzIzNjM3NmRhLWZiOWUtNGFjNC1hMTViLTM1ZWEzNWRkMzI1Zi53ZWJw
2019,Little Women,95.0,92.0,12.0,https://www.rottentomatoes.com/m/little_women_2019,https://resizing.flixster.com/rYcj2hcdp1ffcGQQKtdmKhF82IE=/ems.cHJkLWVtcy1hc3NldHMvbW92aWVzLzdmMTk0MmQ2LTQzMmEtNGFmOC1hODEzLTRjNGRmOTFjYTQxNi53ZWJw
2019,Marriage Story,95.0,85.0,11.0,https://www.rottentomatoes.com/m/marriage_story_2019,https://resizing.flixster.com/hTjy4hHVahHpFvTupVi7-jnMnuQ=/ems.cHJkLWVtcy1hc3NldHMvbW92aWVzL2YyODE2NjBkLWM3ZTYtNDNjMi05NzM0LTZjN2QyZjhiYTY0MC53ZWJw
2019,Once upon a Time...in Hollywood,86.0,70.0,7.0,https://www.rottentomatoes.com/m/once_upon_a_time_in_hollywood,https://resizing.flixster.com/XZhUDb2br0TYzoMUa0T5B-Az_c0=/ems.cHJkLWVtcy1hc3NldHMvbW92aWVzL2VkMmI3OGU4LWRlZDYtNGQ2MS1hZWRmLWU4ZGEzMjhkNTViNS53ZWJw
2019,Parasite,99.0,90.0,11.0,https://www.rottentomatoes.com/m/parasite_2019,https://resizing.flixster.com/0nQ2niq2j-E4gdW_kB5H606atmc=/ems.cHJkLWVtcy1hc3NldHMvbW92aWVzLzZlZWEwMmY4LTk1OWUtNGEyOS04ODRmLTA0OWRjMzhlYWZkNi53ZWJw
2019,The Irishman,95.0,86.0,11.0,https://www.rottentomatoes.com/m/the_irishman,https://resizing.flixster.com/GUewSzxRltnb1uUNG-K85DQXFqk=/ems.cHJkLWVtcy1hc3NldHMvbW92aWVzLzViMjBhZDM0LWMxNTUtNDA3OC05ZjVkLTg4MDliYjNhNjdkOC53ZWJw
2020,Judas and the Black Messiah,96.0,95.0,,https://www.rottentomatoes.com/m/judas_and_the_black_messiah,https://resizing.flixster.com/fkrnnYL6c2XpoT2bYabLpeIkB0U=/ems.cHJkLWVtcy1hc3NldHMvbW92aWVzLzllOWJlOTk0LTExMjktNDU0MC04MmNlLTg1ZTlkNjc0N2ViZC5qcGc=
2020,Mank,83.0,62.0,,https://www.rottentomatoes.com/m/mank,https://resizing.flixster.com/-XZAfHZM39UwaGJIFWKAE8fS0ak=/v3/t/assets/p18858963_p_v8_ab.jpg
2020,Minari,98.0,92.0,,https://www.rottentomatoes.com/m/minari,https://resizing.flixster.com/E18FO2BbJxaQTHe4xb6lIt59Apo=/ems.cHJkLWVtcy1hc3NldHMvbW92aWVzL2MxZGFjOGZmLWRiMDEtNDdkMi04OTA5LTk3YTU4YmVkZDE0MS5qcGc=
2020,Nomadland,93.0,82.0,,https://www.rottentomatoes.com/m/nomadland,https://resizing.flixster.com/7TTnMSfqk40GyhbZ_ael5N4Zp9o=/ems.cHJkLWVtcy1hc3NldHMvbW92aWVzLzJjOWRjNGVkLTIwNDAtNDlmZS04MDM5LTNjYzM0ZDFlODhhMy5qcGc=
2020,Promising Young Woman,90.0,87.0,,https://www.rottentomatoes.com/m/promising_young_woman,https://resizing.flixster.com/1o6JAFpMU6u4Ju26iCZfQww3ozE=/ems.cHJkLWVtcy1hc3NldHMvbW92aWVzL2QzZTBmNWYyLTQ0OTItNGE4ZS1iMGJjLTc4YzQ5OTMwMTVkMS5qcGc=
2020,Sound of Metal,97.0,90.0,,https://www.rottentomatoes.com/m/sound_of_metal,https://resizing.flixster.com/3eYXgGwGnn9Ld4Y3Nzij_BKPUKE=/ems.cHJkLWVtcy1hc3NldHMvbW92aWVzLzZmY2YwNDVjLWQ5NzctNDI3ZS1hZjc0LWU5NGU5ZmRlMzhkYS5wbmc=
2020,The Father,98.0,88.0,,https://www.rottentomatoes.com/m/the_father_2021,https://resizing.flixster.com/nhFN5sBxBw71nKh8O_TkesSHDx4=/ems.cHJkLWVtcy1hc3NldHMvbW92aWVzLzM2YzVhYWQyLTNmMTgtNDc0Ni1hZTFjLTUxN2ViZDBkYjNmZC5qcGc=
2020,The Trial of the Chicago 7,89.0,90.0,,https://www.rottentomatoes.com/m/the_trial_of_the_chicago_7,https://resizing.flixster.com/J4_g29z9mN7GdcC1tT340TA6dYg=/ems.cHJkLWVtcy1hc3NldHMvbW92aWVzL2UyMGRlYzliLWJjYTQtNDYyNC04NmI2LTY1ODYyMTA2YWZlYi53ZWJw
2021,Belfast,86.0,92.0,,https://www.rottentomatoes.com/m/belfast,https://resizing.flixster.com/ETai5KqrMwxPkIXfgCWpc9zAf4o=/ems.cHJkLWVtcy1hc3NldHMvbW92aWVzLzZjOWRkM2RkLWM3ZjgtNGE5OC1iZTFiLWVjNWIwZWQxYjZiMi5qcGc=
2021,CODA,94.0,91.0,,https://www.rottentomatoes.com/m/coda_2021,https://resizing.flixster.com/SjEszAGGYlaasiZ_kJZhf5POWFg=/ems.cHJkLWVtcy1hc3NldHMvbW92aWVzLzdhMTUyZDA5LTlkMDktNGE0OC05ZjM3LThmZGQ3OTI1YTM4OS5wbmc=
2021,Don't Look Up,56.0,78.0,,https://www.rottentomatoes.com/m/dont_look_up_2021,https://resizing.flixster.com/iC6tded_K_movQT9LqrU2x46G4Y=/ems.cHJkLWVtcy1hc3NldHMvbW92aWVzLzg4Yjk0NDAxLWFhODgtNDE4ZC04MDJlLTZlZmIzYTFjMjdiYy5qcGc=
2021,Drive My Car,97.0,78.0,,https://www.rottentomatoes.com/m/drive_my_car,https://resizing.flixster.com/ro2jW5RZekSzKf2ypKBqxFb-g68=/ems.cHJkLWVtcy1hc3NldHMvbW92aWVzLzYyYTZjMzkwLWU0MGMtNDgyZC1hMDcwLWIyNGFjYTBkNTJlYi5qcGc=
2021,Dune,83.0,90.0,,https://www.rottentomatoes.com/m/dune_2021,https://resizing.flixster.com/gcRn4_emLo1Iz5ndbvUOKDYq35c=/ems.cHJkLWVtcy1hc3NldHMvbW92aWVzLzdhYTI2NDJkLTU5YTYtNDNkOS05ZWQxLWZiNjFlOTZmYjZlZS5qcGc=
2021,King Richard,90.0,98.0,,https://www.rottentomatoes.com/m/king_richard,https://resizing.flixster.com/gBrgxl755XtSC70b4NvP6D1DBa8=/ems.cHJkLWVtcy1hc3NldHMvbW92aWVzLzI3ZGZjMzdjLTI5MDAtNDlhNS1iY2IxLWUyOWFiNzY0MTVmZS5qcGc=
2021,Licorice Pizza,90.0,65.0,,https://www.rottentomatoes.com/m/licorice_pizza,https://resizing.flixster.com/IrHHxOl5fDiUH6Y30dV8GGO5X2g=/ems.cHJkLWVtcy1hc3NldHMvbW92aWVzLzY1YjVkNmRkLTg1YTQtNGY0Yi05NjZkLThlMWQ0NGRiMTc0Zi5qcGc=
2021,Nightmare Alley,80.0,68.0,,https://www.rottentomatoes.com/m/nightmare_alley_2021,https://resizing.flixster.com/2q0ja5pOYxDRZ2b8LD4ukjr8zqI=/ems.cHJkLWVtcy1hc3NldHMvbW92aWVzLzgwNzVmNjE2LTJiY2QtNDhhMS04ODZlLTlkZDU4YzU5YjEzNi5qcGc=
2021,The Power of the Dog,94.0,76.0,,https://www.rottentomatoes.com/m/the_power_of_the_dog,https://resizing.flixster.com/Rk7fdyOXFyc7Wn1iDsHMPH6OVjE=/ems.cHJkLWVtcy1hc3NldHMvbW92aWVzLzJiNjQ0YWVlLTFhZmQtNGQwYy05NzlhLTY1NDExZTQxNWU0Zi5qcGc=
2021,West Side Story,91.0,93.0,,https://www.rottentomatoes.com/m/west_side_story_2021,https://resizing.flixster.com/1-wvTp-iuqaDikrorqZBaYQdFvo=/ems.cHJkLWVtcy1hc3NldHMvbW92aWVzLzkzYTk5ZTVjLWJmYjYtNGYxYS1hMzQzLTI0NTAyNGNhMDVhYy5qcGc=
2022,All Quiet on the Western Front,90.0,90.0,,https://www.rottentomatoes.com/m/all_quiet_on_the_western_front_2022,https://resizing.flixster.com/Tv-nj_XzcvU5GZthFm-0xrSvvjo=/ems.cHJkLWVtcy1hc3NldHMvbW92aWVzLzljM2U3Mjk3LWExNzgtNGE2NS05OTMxLWVlZmU1NzNlZWM5MS5qcGc=
2022,Avatar: The Way of Water,76.0,92.0,,https://www.rottentomatoes.com/m/avatar_the_way_of_water,https://resizing.flixster.com/gWWM2Ov0VLAuazwELZCVc9grUQI=/ems.cHJkLWVtcy1hc3NldHMvbW92aWVzLzgyMGM0ZDJiLWNmYjAtNGI3NS1hYTgzLTQ5YmU2ZjQwZWE0ZC5qcGc=
2022,Elvis,77.0,94.0,,https://www.rottentomatoes.com/m/elvis,https://resizing.flixster.com/mYfU74jKBCV9KA_O7ktmk5exwu4=/ems.cHJkLWVtcy1hc3NldHMvbW92aWVzLzczNjAwNTk0LTRlZWEtNDY5Ni1iYWM1LWRhZjI1OWUzODNhNy5qcGc=
2022,Everything Everywhere All at Once,93.0,79.0,,https://www.rottentomatoes.com/m/everything_everywhere_all_at_once,https://resizing.flixster.com/mx-agGjjsUK1QMyuv3AJhHI3hgo=/ems.cHJkLWVtcy1hc3NldHMvbW92aWVzLzA3ZjU2MGU1LWMxODItNDlkMC1hYzJhLTY2YzMwOGZkMDhiZi5qcGc=
2022,The Banshees of Inisherin,96.0,75.0,,https://www.rottentomatoes.com/m/the_banshees_of_inisherin,https://resizing.flixster.com/SqYohHz5ela5G1qTZ8aKYunK2Oo=/ems.cHJkLWVtcy1hc3NldHMvbW92aWVzLzc4ZjI3ZDBiLTkwMDktNDVkZC1hZmI5LTJiNDdjNWRmZDVjOC5qcGc=
2022,The Fabelmans,92.0,83.0,,https://www.rottentomatoes.com/m/the_fabelmans,https://resizing.flixster.com/sHWlKXB2LojbyFEGXuLICWYopdI=/ems.cHJkLWVtcy1hc3NldHMvbW92aWVzLzA3Y2Y3MTk3LWZkMWUtNGNjNS04YzY0LWI0YjNlNDNmYTRhNC5qcGc=
2022,Top Gun: Maverick,96.0,99.0,,https://www.rottentomatoes.com/m/top_gun_maverick,https://resizing.flixster.com/TIM4kfHTVZrfpF0tYt9LIU69A5s=/ems.cHJkLWVtcy1hc3NldHMvbW92aWVzLzU1OWIwMWQwLWYyZDItNDk4Yi04MDIxLWI3OTJlNDI1NjA3NS5qcGc=
2022,Triangle of Sadness,72.0,80.0,,https://www.rottentomatoes.com/m/triangle_of_sadness,https://resizing.flixster.com/z6ABTqY9Z_hs2mKAokadKfuTHyg=/ems.cHJkLWVtcy1hc3NldHMvbW92aWVzLzI5NTZjNDYwLWFkNDgtNDhlZC05OWE5LWZlYzRhMjgwZDJjMC5qcGc=
2022,Tár,91.0,74.0,,https://www.rottentomatoes.com/m/tar_2022,https://resizing.flixster.com/wFUHH4yTM6tmK4R-0f6pCrCPpB0=/ems.cHJkLWVtcy1hc3NldHMvbW92aWVzLzBlZGZjZWM1LTVkNmMtNDYzZC1iNjc0LTYwNDY0YTkzYTExYy5qcGc=
2022,Women Talking,90.0,80.0,,https://www.rottentomatoes.com/m/women_talking,https://resizing.flixster.com/YK7EnYmnlr7njPaqZ_x-mdAI86A=/ems.cHJkLWVtcy1hc3NldHMvbW92aWVzL2FmZDQxZTlhLTYyN2ItNDc5ZS04NjEzLWU2NmY3Y2JkNTkwMi5qcGc=
2023,American Fiction,93.0,95.0,,https://www.rottentomatoes.com/m/american_fiction,https://resizing.flixster.com/Kes35WjbggKb9o6T7JG1nBGE2RE=/ems.cHJkLWVtcy1hc3NldHMvbW92aWVzL2M4ODA3YzJjLTA5YWItNDFhZi1hNDc5LTc0MWU0NWMxYTU3ZS5qcGc=
2023,Anatomy of a Fall,96.0,91.0,,https://www.rottentomatoes.com/m/anatomy_of_a_fall,https://resizing.flixster.com/DiduaaJKONgMBcwEdDgLlFGE7Vo=/ems.cHJkLWVtcy1hc3NldHMvbW92aWVzL2JmMGYzZGMxLWVjNmItNGI1ZS05ODAxLTkwY2U4ZGQyMzI5Ni5qcGc=
2023,Barbie,88.0,83.0,,https://www.rottentomatoes.com/m/barbie,https://resizing.flixster.com/-XZAfHZM39UwaGJIFWKAE8fS0ak=/v3/t/assets/p13472534_p_v8_am.jpg
2023,Killers of the Flower Moon,93.0,84.0,,https://www.rottentomatoes.com/m/killers_of_the_flower_moon,https://resizing.flixster.com/GGQKtXozu58SHWKH0Cz-5jQ9U38=/ems.cHJkLWVtcy1hc3NldHMvbW92aWVzLzZhOWE1N2ZkLTY4MzgtNDA3Yi05MDEwLWQzN2QwMTFkZDdmNS5qcGc=
2023,Maestro,78.0,87.0,,https://www.rottentomatoes.com/m/maestro_2023,https://resizing.flixster.com/QxuXNaDPg5NQX_DPml6C0zV1A5E=/ems.cHJkLWVtcy1hc3NldHMvbW92aWVzLzZmMDhiMTk1LTc5MzMtNGQ0OS04NTNiLTY2MWEwZDBkYjRlMi5qcGc=
2023,Oppenheimer,93.0,91.0,,https://www.rottentomatoes.com/m/oppenheimer_2023,https://resizing.flixster.com/dV1vfa4w_dB4wzk7A_VzThWUWw8=/ems.cHJkLWVtcy1hc3NldHMvbW92aWVzLzEyZDMyYjZmLThmNzAtNDliNC1hMjFmLTA2ZWY4M2UyMjJhMi5qcGc=
2023,Past Lives,95.0,93.0,,https://www.rottentomatoes.com/m/past_lives,https://resizing.flixster.com/Rj36W7XfjR7FUlGiJBCMNfLpk5k=/ems.cHJkLWVtcy1hc3NldHMvbW92aWVzLzg5NjQ4NjQxLTI5MzktNDVlMy04NTU0LTEzZGJiYTZmNzRlNi5qcGc=
2023,Poor Things,92.0,80.0,,https://www.rottentomatoes.com/m/poor_things,https://resizing.flixster.com/U_RT77J5o2EfMC-DdAc7Dm8CkKY=/ems.cHJkLWVtcy1hc3NldHMvbW92aWVzLzNmM2FiYmJhLTFjYTgtNDljOC04MjQ4LTU1Yjg0M2NkNTdmZC5qcGc=
2023,The Holdovers,97.0,92.0,,https://www.rottentomatoes.com/m/the_holdovers,https://resizing.flixster.com/Gfe3Lf75Qo5Pb0feNQ58BzwVBOA=/ems.cHJkLWVtcy1hc3NldHMvbW92aWVzLzQ4N2I3NGFjLWY3NDAtNDVlMS05ODFmLTNmYjA5ZmE3NTViNi5qcGc=
2023,The Zone of Interest,93.0,79.0,,https://www.rottentomatoes.com/m/the_zone_of_interest,https://resizing.flixster.com/sK_6rOkR73t2sfxWzzu1MJY4e-E=/ems.cHJkLWVtcy1hc3NldHMvbW92aWVzL2RkMDcxNjExLWY2OGYtNGJlNS04OTNjLTdhNDA3OGIzZjA1NC5qcGc=
2024,A Complete Unknown,82.0,95.0,,https://www.rottentomatoes.com/m/a_complete_unknown,https://resizing.flixster.com/eqt-Ae8wE9lkY9IWV82QWKpjuTg=/ems.cHJkLWVtcy1hc3NldHMvbW92aWVzLzQyYjIzN2EwLTViN2ItNGEzYy1hN2FlLTk0YmYwZTQ2ZjA3ZS5qcGc=
2024,Anora,93.0,84.0,,https://www.rottentomatoes.com/m/anora,https://resizing.flixster.com/FTHBGq9jCInQsKBj9dhfLIVIxrM=/ems.cHJkLWVtcy1hc3NldHMvbW92aWVzLzg2NWVmODUwLWIzMDAtNGVkMC1iODgwLWZmZDAyOTVkODkwYS5qcGc=
2024,Conclave,93.0,86.0,,https://www.rottentomatoes.com/m/conclave,https://resizing.flixster.com/EuHvfeWcRbhSOlcUxLa4n_yhNtQ=/ems.cHJkLWVtcy1hc3NldHMvbW92aWVzLzY4ZWI3MGFjLWNlZTEtNGYyOC04NGY1LWFlOGQzMDZmZThmNS5qcGc=
2024,Dune: Part Two,92.0,95.0,,https://www.rottentomatoes.com/m/dune_part_two,https://resizing.flixster.com/PgHhmCKS3hR6GUsVNlC-vZ9d90I=/ems.cHJkLWVtcy1hc3NldHMvbW92aWVzLzZhOTA0OTIzLTEwNDctNDhkNS1iNTc3LTY3MjBmNDc5OGU1Mi5qcGc=
2024,Emilia Pérez,70.0,17.0,,https://www.rottentomatoes.com/m/emilia_perez,https://resizing.flixster.com/f1xd1j5OIWlNcT8D6thNcvlc-ls=/ems.cHJkLWVtcy1hc3NldHMvbW92aWVzL2ZjZThlZjg3LTBlZDQtNGVlYS05NjA1LTI1ODM0OTNiOWQ0NS5qcGc=
2024,I'm Still Here,97.0,97.0,,https://www.rottentomatoes.com/m/im_still_here_2024,https://resizing.flixster.com/3OQ90Q95v3LWbtW5hWKzuGBL-0U=/ems.cHJkLWVtcy1hc3NldHMvbW92aWVzL2VmNzdhYTFjLTc3OWUtNGRlOS1iYjBkLWFkZmFhNWRiYjY2Yy5qcGc=
2024,Nickel Boys,92.0,75.0,,https://www.rottentomatoes.com/m/nickel_boys,https://resizing.flixster.com/fG2zvisuVDoovvG4RjXzvFBLpPE=/ems.cHJkLWVtcy1hc3NldHMvbW92aWVzLzI1YTVhYjMxLTQwMGQtNDk5Yy05NGFlLTg5NzRhOGU5YmQzMS5qcGc=
2024,The Brutalist,93.0,79.0,,https://www.rottentomatoes.com/m/the_brutalist,https://resizing.flixster.com/g2JZXXo0FSihsiOJG3XyWv8Ml7A=/ems.cHJkLWVtcy1hc3NldHMvbW92aWVzL2E3MmU0NGMwLWVjMjQtNGQ0ZC04ZWYzLWI1YWNkZDVkYmIxNy5qcGc=
2024,The Substance,89.0,76.0,,https://www.rottentomatoes.com/m/the_substance,https://resizing.flixster.com/jR2K79Abw-XbUPWBfdjzMStAHSA=/ems.cHJkLWVtcy1hc3NldHMvbW92aWVzLzFjNzgyYzkwLWZkNGItNDEwZi04MTViLTRmOGRlN2M4NTg2OC5qcGc=
2024,Wicked,88.0,95.0,,https://www.rottentomatoes.com/m/wicked_2024,https://resizing.flixster.com/1udyHgoIqT1-2LitoJfbaaumai0=/ems.cHJkLWVtcy1hc3NldHMvbW92aWVzLzFhYjBiNWVmLTk0NWUtNDE5Mi04ZTZiLWJiOTcxNmIyZWQxNC5qcGc=
2025,After the Hunt,37.0,39.0,10.0,https://www.rottentomatoes.com/m/after_the_hunt,https://resizing.flixster.com/N51PaCVs6T7yUteAvq8TnlOnwQU=/ems.cHJkLWVtcy1hc3NldHMvbW92aWVzLzMyYjNjMTE1LWQ1ODQtNGY5Ny1hYjQzLWYzZmFmMWZiMDU5OC5qcGc=
2025,Ballad of a Small Player,49.0,50.0,10.0,https://www.rottentomatoes.com/m/ballad_of_a_small_player,https://resizing.flixster.com/HI3e4ZgRz8stlChoc0PvosdIcxs=/ems.cHJkLWVtcy1hc3NldHMvbW92aWVzLzY3MDAwM2RmLTc1NDUtNGY1OC04YzlmLWFhYTk4YTgzMjA1NS5qcGc=
2025,Blue Moon,89.0,76.0,10.0,https://www.rottentomatoes.com/m/blue_moon_2025,https://resizing.flixster.com/c32XmlONGGf3k6KDxTsRe1vqvTk=/ems.cHJkLWVtcy1hc3NldHMvbW92aWVzLzY0NTMwOTYzLTdjODgtNDY2NC05ODU0LWQ2OGYxNDAwOGVkYy5qcGc=
2025,Bugonia,87.0,84.0,10.0,https://www.rottentomatoes.com/m/bugonia,https://resizing.flixster.com/gwB5ARQSFnq3ERE3wrksNSQAeOc=/ems.cHJkLWVtcy1hc3NldHMvbW92aWVzLzcxYjQwMDdlLTU5ODUtNDRkNi1iMTc2LTgyMmFhY2IyY2IyYy5qcGc=
2025,F1,82.0,97.0,,https://www.rottentomatoes.com/m/f1_the_movie,https://resizing.flixster.com/5Q22ZbwHwgkaD60RZvLq-j6oE9c=/ems.cHJkLWVtcy1hc3NldHMvbW92aWVzL2YyYmY3OGU3LWY2ZDgtNGNhYy04NmJhLWFiZGM2YjM3YTI1Zi5qcGc=
2025,Frankenstein,85.0,94.0,10.0,https://www.rottentomatoes.com/m/frankenstein_2025,https://resizing.flixster.com/Zz5j775bLo0_Z-G77RAEMRKjB18=/ems.cHJkLWVtcy1hc3NldHMvbW92aWVzL2JmOTJjOWE4LTNlYTAtNGFmMS04NDViLTQ5Njg5Mjc4MzY0Ni5qcGc=
2025,Hamnet,87.0,93.0,11.0,https://www.rottentomatoes.com/m/hamnet,https://resizing.flixster.com/6LGQJrao1ZROpy-EoS0WjfPoKkM=/ems.cHJkLWVtcy1hc3NldHMvbW92aWVzLzFlOWU5YmRmLTM4NjItNGFhMy1hN2IwLTMxZmY1NTgxM2I2OC5qcGc=
2025,It Was Just an Accident,98.0,93.0,10.0,https://www.rottentomatoes.com/m/it_was_just_an_accident,https://resizing.flixster.com/bJJ57noM7uFLFepE_J7mkM0Mf_4=/ems.cHJkLWVtcy1hc3NldHMvbW92aWVzLzdkOGFlYWU2LTRlZmYtNDMzZS04MDAxLWFmZDVjNzI3MGQ4My5qcGc=
2025,Jay Kelly,75.0,86.0,11.0,https://www.rottentomatoes.com/m/jay_kelly,https://resizing.flixster.com/D-nwV-1J_wd1_OtKdA1qurYsN6Y=/ems.cHJkLWVtcy1hc3NldHMvbW92aWVzLzgxMzQ4MjdlLTRjOTctNDA5Zi04ODkxLWU0NGU1OGEyODg0Yi5qcGc=
2025,Marty Supreme,93.0,82.0,12.0,https://www.rottentomatoes.com/m/marty_supreme,https://resizing.flixster.com/ctnE9C-eNbOaWPgDjHa7U2bPcoY=/ems.cHJkLWVtcy1hc3NldHMvbW92aWVzL2QzYWQxYzYwLTM3NjgtNDMyMy1iZjBmLWZhYTlhMTU3ZTA5My5qcGc=
2025,No Other Choice,97.0,93.0,9.0,https://www.rottentomatoes.com/m/no_other_choice,https://resizing.flixster.com/jmx4yLi00DEubbDPQoxemNRqPsc=/ems.cHJkLWVtcy1hc3NldHMvbW92aWVzL2MyMzQ4M2M5LWEzMTUtNDA4NC05OGMyLTVhYjMxNTE0ZjhhNi5qcGc=
2025,One Battle After Another,94.0,85.0,9.0,https://www.rottentomatoes.com/m/one_battle_after_another,https://resizing.flixster.com/yepsxuaCu3f7igZnTo2huAOVtCU=/ems.cHJkLWVtcy1hc3NldHMvbW92aWVzLzNhNmQzNDA0LWFhYjQtNDA5Mi04OTMyLTA2Y2U2OWI5ZjVmYS5qcGc=
2025,Sentimental Value,95.0,94.0,11.0,https://www.rottentomatoes.com/m/sentimental_value,https://resizing.flixster.com/PAUYG-yc_Cx2yQaj92V9FMSByo4=/ems.cHJkLWVtcy1hc3NldHMvbW92aWVzLzk0NDY3OTQzLTBlNDEtNGVmNS05OTRkLWM0NGJlMzgyZjJmMi5qcGc=
2025,Sinners,97.0,96.0,4.0,https://www.rottentomatoes.com/m/sinners_2025,https://resizing.flixster.com/VR3Tfr9zpNllsU6RchvnbhGmPkc=/ems.cHJkLWVtcy1hc3NldHMvbW92aWVzL2VhOTdiZDNjLTlmODQtNGNlYi1iZWYwLWNkYjY2YmI5YzZjYS5qcGc=
2025,Sirât,90.0,87.0,9.0,https://www.rottentomatoes.com/m/sirat,https://resizing.flixster.com/IgES2vRmXvBgdPimlNWlpt2S7Uo=/ems.cHJkLWVtcy1hc3NldHMvbW92aWVzLzMwM2NkOTFkLWVkMmMtNGRlNC04OTE4LTFjZmFlY2ZlY2VlNC5qcGc=
2025,The Secret Agent,98.0,83.0,11.0,https://www.rottentomatoes.com/m/the_secret_agent_2025,https://resizing.flixster.com/YBTbc6VIpar20XFi7a0tCAPmcd8=/ems.cHJkLWVtcy1hc3NldHMvbW92aWVzLzljMTgwZDBmLWRiYTgtNDZkYi04M2NhLTcxZGZiOTU0N2NhMy5qcGc=
2025,Train Dreams,94.0,91.0,11.0,https://www.rottentomatoes.com/m/train_dreams,https://resizing.flixster.com/OcWpaZjoMcz3xWBO1S3PPrjpaaA=/ems.cHJkLWVtcy1hc3NldHMvbW92aWVzLzZjMWRkMThkLWY3YzItNGYyNi05NWI0LTU5YWZlNGU5MjVkOC5qcGc=
2025,Wake Up Dead Man: A Knives Out Mystery,92.0,94.0,11.0,https://www.rottentomatoes.com/m/wake_up_dead_man_a_knives_out_mystery,https://resizing.flixster.com/cRBFRr5H-cnjivNJctQASgb5TxY=/ems.cHJkLWVtcy1hc3NldHMvbW92aWVzLzljZDQ2NTBkLTFjNTgtNDUxMy04OThlLTM4M2E3ZDI5ZTZmNy5qcGc=
2025,Wicked: For Good,66.0,92.0,11.0,https://www.rottentomatoes.com/m/wicked_for_good,https://resizing.flixster.com/73vo2mteKuX4jKAnDsTUBankCtQ=/ems.cHJkLWVtcy1hc3NldHMvbW92aWVzLzgwNTY3YjgzLTUyYjctNGM0NS1hNjhjLWMxM2NlYzZlNzQ1MC5qcGc=
2026,People We Meet on Vacation,76.0,70.0,1.0,https://www.rottentomatoes.com/m/people_we_meet_on_vacation,https://resizing.flixster.com/25CKNhiKNu9u00Hu_yGUX76PdgA=/ems.cHJkLWVtcy1hc3NldHMvbW92aWVzLzNhZGJmMTVjLWU2ZWMtNDk0Mi1iNjVlLWJhOTBlZGNlMTY3NC5qcGc=
2026,Project Hail Mary,94.0,96.0,3.0,https://www.rottentomatoes.com/m/project_hail_mary,https://resizing.flixster.com/6EeDwgqrKFi1ADO4k4VzZtrOVhM=/ems.cHJkLWVtcy1hc3NldHMvbW92aWVzL2NlNDNmOTM0LTc3NDctNDcxNi05ZWY1LTQ3NzI0OWIxYTlhNC5qcGc=
2026,The Bride!,57.0,70.0,3.0,https://www.rottentomatoes.com/m/the_bride_2026,https://resizing.flixster.com/z6BFk7MTfmhxPbsNeGPWSOruG4k=/ems.cHJkLWVtcy1hc3NldHMvbW92aWVzLzQwNTljYWI5LWY2OWQtNGU0ZC05ZTFjLWE1ZjUxMmViNDdmYy5qcGc=
2026,The Rip,79.0,65.0,1.0,https://www.rottentomatoes.com/m/the_rip,https://resizing.flixster.com/RMXC9aHsZxWf--hK5hh-Xbc9YkI=/ems.cHJkLWVtcy1hc3NldHMvbW92aWVzLzlmY2IxNDc3LTNiNTMtNDZjOS1iZjExLTU5Mjk1MmE4ZjQxMC53ZWJw
2026,The Wrecking Crew,75.0,67.0,1.0,https://www.rottentomatoes.com/m/the_wrecking_crew_2026,https://resizing.flixster.com/ASco3Grx3Tvui3S08H3n29wDIP4=/ems.cHJkLWVtcy1hc3NldHMvbW92aWVzL2M3MTY2NGRlLTM2NmEtNGFlMC1hMWQ2LTFlNjQxNGRiNTk5Ny5qcGc=
